57 من المخطط رقم 258…,150000,24000
أحد,1350000,134500
أحد,250000,48000
أحد,100000,24000
أحد,550000,50000
أحد,350000,8750
أحد,501147,40000
أحد,494281,62500
اشبيليا,458330,42000
اشبيليا,1165230,54000
اشبيليا,748207,37500
اشبيليا,944078,42000
اشبيليا,1000000,50000
اشبيليا,1080000,35100
اشبيليا,1225000,36941
اشبيليا,1302599,36941
اشبيليا,1445000,43750
اشبيليا,700000,50000
اشبيليا,919130,30000
اشبيليا,1126000,30000
اشبيليا,2320000,91000
اشبيليا,886200,42204
اشبيليا,1200000,50000
اشبيليا,850000,40000
اشبيليا,926292,26000
الازدهار,1339904,30000
الاندلس,1458350,33300
الاندلس,1150000,35000
الاندلس,2539350,94050
الاندلس,991660,49583
الاندلس,902850,46800
البديعة,750000,30375
البديعة,800000,80000
البديعة,485000,50000
البديعة,900000,60000
البديعة,437500,43750
البديعة,1357852,37500
البديعة,1400000,100000
البديعة,1350000,125000
البديعة,500000,46000
البديعة,680000,30000
البديعة,1035000,90000
البديعة,720246,81100
البديعة,200000,14500
البرية,200000,69000
البيان,582750,35000
البيان,480000,30000
البيان,335000,25525
البيان,682500,52500
البيان,660000,52500
البيان,500000,105000
البيان,652500,45000
البيان,750000,75000
التعاون,2800000,62500
التعاون,2300000,32500
التعاون,2196000,72000
التعاون,3950000,40500
الجرادية,700000,21542
الجرادية,300000,23040
الجزيرة,1280000,48400
الجزيرة,300000,48400
الجزيرة,500000,48400
الجزيرة,300000,48400
الجزيرة,300000,48400
الجزيرة,300000,48400
الجزيرة,300000,48400
الجزيرة,10000,48400
الجنادرية,571969,75000
الجنادرية,700000,90000
الجنادرية,250000,45000
الجنادرية,250000,45000
الجنادرية,1339106,61200
الجنادرية,588356,36300
الجنادرية,588356,36300
الجنادرية,850000,32000
الجنادرية,642078,27000
الجنادرية,668250,45000
الجنادرية,1200000,30000
الجنادرية,850000,50000
الجنادرية,1337432,58800
الجنادرية,588356,36300
الجنادرية,607042,39164
الحائر,40000,60000
الحائر,20640,66000
الحائر,43000,58800
الحائر,25200,56000
الحائر,36855,75600
الحائر,32000,38220
الحائر,85000,60000
الحائر,313000,72000
الحائر,154784,67200
الحائر,100000,40000
الحزم,101450,30000
الحزم,1010115,31250
الحزم,420000,30000
الحزم,425000,31250
الحزم,425000,31250
الحزم,735000,61250
الحزم,675000,56250
الحزم,378125,31250
الحزم,810000,60000
الحزم,810000,62500
الحزم,843750,62500
الحزم,260000,40000
الحزم,648925,37500
الحزم,687500,62500
الحزم,550000,50000
الحزم,550000,50000
الحزم,550000,50000
الحزم,550000,50000
الحزم,550000,50000
الحزم,550000,50000
الحزم,550000,50000
الحزم,550000,50000
الحزم,550000,50000
الحزم,550000,50000
الحزم,687500,62500
الحزم,687500,62500
الحزم,550000,50000
الحزم,550000,50000
الحزم,550000,50000
الحزم,550000,50000
الحزم,550000,50000
الحزم,550000,50000
الحزم,550000,50000
الحزم,550000,50000
الحزم,550000,50000
الحزم,687500,62500
الحزم,572000,44000
الحزم,1440000,120000
الحزم,500000,85500
الحزم,600000,37500
الحزم,505000,35000
الحمراء,516243,50000
الحمراء,2000000,70000
الحمراء,1903344,49000
الحمراء,596133,60000
الحمراء,1051564,60000
الحمراء,2483250,112875
الحمراء,1647544,61875
الحمراء,2200000,61875
الحنو,742000,55000
الخالدية,500000,62500
الخالدية,1500000,75000
الخالدية,1589400,88263
الخالدية,95000,9375
الخزامى,2775000,75000
الخزامى,493159,50010
الخزامى,4400000,120000
الخزامى,5250000,50000
الخليج,500000,108500
الخليج,2100000,117000
الخليج,930000,37500
الخليج,1000671,50000
الخليج,100000,75000
الخليج,670664,42000
الخليج,840000,87500
الخليج,487500,32500
الخليج,699500,33333
الخليج,699500,33340
الخليج,699500,33333
الخليج,699500,33333
الخليج,1549276,40000
الخليج,1486120,67600
الخليج,769517,35100
الخليج,940000,43200
الخليج,1000000,70000
الخليج,1000000,70000
الخليج,1625000,65000
الخير,95000,84000
الخير,95000,84000
الخير,500000,80000
الخير,600000,80000
الخير,660000,80000
الخير,235000,30355
الخير,285000,32690
الخير,504348,80000
الخير,560000,80000
الخير,520000,80000
الخير,450000,84000
الخير,800000,112319
الخير,452150,80000
الخير,800000,84000
الخير,300000,42000
الخير,323810,42000
الخير,650000,84000
الخير,650000,84000
الخير,333334,43750
الخير,333334,43750
الخير,333333,43750
الخير,595000,87500
الخير,595000,87500
الخير,300000,43750
الخير,605625,87500
الخير,640000,87500
الخير,605625,87500
الخير,340000,43750
الخير,576191,112500
الخير,666667,112500
الخير,539130,87500
الخير,586957,87500
الخير,300000,43750
الخير,521750,91000
الخير,650000,91000
الخير,600000,86000
الخير,213043,36000
الخير,213043,36000
الخير,330000,43750
الخير,571428,88760
الخير,610000,105195
الخير,90000,87500
الخير,200000,87500
الخير,552380,87500
الخير,404800,48942
الخير,320000,38675
الخير,525000,74375
الخير,525000,74375
الخير,525000,74375
الخير,525000,74375
الخير,525000,74375
الخير,600000,91000
الخير,600000,91000
الخير,300000,45500
الخير,300000,45500
الخير,300000,45500
الخير,300000,45500
الخير,300000,45500
الخير,315000,45500
الخير,315000,45500
الخير,700000,97737
الخير,700000,97720
الخير,561000,87500
الخير,600000,87500
الخير,281250,93750
الخير,330000,45500
الخير,600000,87710
الخير,214000,45500
الخير,214000,45500
الخير,555000,91000
الخير,555000,91000
الخير,480000,87500
الخير,552300,93750
الخير,500000,97500
الخير,555000,87500
الخير,555000,87500
الخير,555000,87500
الخير,550000,84347
الخير,298000,45500
الخير,575850,87500
الخير,260850,43750
الخير,260850,43750
الخير,250000,31250
الخير,250000,31250
الخير,400000,62500
الخير,100000,40500
الخير,417391,91000
الخير,549000,87500
الخير,500000,87500
الخير,660000,77350
الخير,314500,42000
الخير,212500,31500
الخير,600000,91000
الخير,320000,36074
الخير,595238,81250
الخير,600000,84793
الخير,600000,84793
الخير,525000,71300
الخير,500000,71925
الخير,280000,37385
الخير,275000,37697
الخير,275000,37853
الخير,521739,84000
الخير,513034,84000
الخير,250750,43750
الخير,500000,87500
الخير,500000,87500
الخير,266000,43750
الخير,300000,43750
الخير,300000,43750
الخير,300000,43750
الخير,280000,43750
الخير,300000,43750
الخير,600000,91000
الخير,550000,94275
الخير,345000,43750
الخير,200000,57750
الخير,533333,87500
الخير,280952,43750
الخير,467391,86157
الخير,467391,86157
الخير,610000,86348
الخير,610000,86348
الخير,500000,90000
الخير,417391,90000
الخير,342000,48000
الخير,270000,38238
الخير,300000,45500
الخير,550000,91000
الخير,290000,45500
الخير,295000,45500
الخير,295000,45500
الخير,280000,40000
الخير,514290,60000
الخير,608696,93750
الخير,300000,45000
الخير,700000,92925
الخير,700000,92925
الخير,340000,43544
الخير,753905,157573
الخير,1650000,273000
الخير,345000,75000
الخير,355000,75000
الخير,345000,75000
الخير,420000,75000
الخير,348500,75000
الخير,410000,75000
الخير,252000,70500
الخير,400000,71050
الخير,315000,71051
الخير,370000,75400
الخير,460000,78000
الخير,445000,76763
الخير,443500,76763
الخير,340000,72500
الخير,190000,36250
الخير,435000,74400
الخير,313500,79050
الخير,460000,72600
الخير,370000,75000
الخير,360000,73501
الخير,280000,74200
الخير,360000,74200
الخير,281000,72000
الخير,281000,72000
الخير,281000,72000
الخير,375000,71400
الخير,382500,71400
الخير,375000,71400
الخير,382500,71400
الخير,250000,60000
الخير,250000,59999
الخير,340000,81251
الخير,323000,74400
الخير,571429,87857
الخير,476191,82688
الخير,476191,78823
الخير,476191,78390
الخير,1142857,232500
الخير,230000,36000
الخير,1665217,477400
الخير,1665217,477400
الخير,1930000,477400
الخير,252381,77500
الخير,352381,77500
الخير,333000,93600
الخير,252381,80600
الخير,300000,80600
الخير,252381,80601
الخير,300000,80601
الخير,158000,40300
الخير,370000,87500
الخير,170000,30239
الخير,490000,78000
الخير,340000,78000
الخير,370000,89670
الخير,280000,89670
الخير,280000,81000
الخير,280000,81000
الخير,280000,81000
الخير,400000,81000
الخير,370000,75000
الخير,361905,87500
الخير,390000,78654
الخير,200000,37500
الخير,321739,75000
الخير,270000,58551
الخير,304348,79500
الخير,200000,39750
الخير,200000,39750
الخير,173913,37500
الخير,315000,75000
الخير,325500,75000
الخير,325500,75000
الخير,315000,75000
الخير,300000,75000
الخير,200000,75000
الخير,320000,84000
الخير,20000,42000
الخير,50000,42000
الخير,339130,75002
الخير,366000,80779
الخير,366000,80780
الخير,335000,74999
الخير,335000,75000
الخير,335000,75000
الخير,335000,75000
الخير,335000,74999
الخير,335000,75000
الخير,330000,75000
الخير,330000,75000
الخير,330000,75000
الخير,330000,75000
الخير,360000,75000
الخير,365000,75000
الخير,360000,75000
الخير,178261,40500
الخير,178260,40500
الخير,186956,40500
الخير,182608,40500
الخير,182608,40500
الخير,186956,40500
الخير,186956,40500
الخير,182608,40500
الخير,182608,40500
الخير,186956,40500
الخير,186956,40500
الخير,180869,40500
الخير,186956,40500
الخير,186956,40500
الخير,182608,40500
الخير,200000,40500
الخير,347826,81000
الخير,209524,40500
الخير,332000,75000
الخير,265250,84000
الخير,400000,84000
الخير,265250,84000
الخير,420000,84000
الخير,265250,78000
الخير,265250,78000
الخير,265250,90675
الخير,415000,90675
الخير,265250,90675
الخير,415000,90675
الخير,361905,74999
الخير,350000,90000
الخير,350000,90000
الخير,370000,78000
الخير,414286,84000
الخير,100000,75000
الخير,400000,78000
الخير,469047,105377
الخير,469047,104861
الخير,335000,75107
الخير,300000,75000
الخير,375000,75000
الخير,370000,75000
الخير,370000,75000
الخير,430000,74999
الخير,300000,75001
الخير,419250,85050
الخير,419250,85666
الخير,419046,78000
الخير,438000,93880
الخير,438000,93880
الخير,304347,75000
الخير,209000,45000
الخير,209000,45000
الخير,347619,75000
الخير,347619,75000
الخير,209000,45000
الخير,346750,75000
الخير,218500,45000
الخير,350000,75000
الخير,400000,84000
الخير,350000,75000
الخير,370000,75000
الخير,350000,75000
الخير,347619,75000
الخير,300000,75000
الخير,350000,75000
الخير,150000,42658
الخير,350000,75000
الخير,420000,81000
الخير,238095,75000
الخير,371882,75000
الخير,476000,81000
الخير,190000,41250
الخير,190000,41250
الخير,265250,75000
الخير,265250,75000
الخير,265250,75000
الخير,265250,75000
الخير,313043,75000
الخير,265250,75000
الخير,100000,37500
الخير,265250,75000
الخير,313043,75000
الخير,320000,74998
الخير,320000,75008
الخير,320000,74993
الخير,320000,75002
الخير,320000,74993
الخير,320000,75001
الخير,320000,74993
الخير,320000,75001
الخير,320000,74993
الخير,320000,75000
الخير,320000,74992
الخير,320000,75002
الخير,320000,74992
الخير,320000,75003
الخير,320000,75000
الخير,320000,75013
الخير,180000,70500
الخير,380000,82767
الخير,380000,83282
الخير,320000,75000
الخير,320000,75001
الخير,170000,37500
الخير,285000,60000
الخير,240000,60000
الخير,305000,60000
الخير,360000,75000
الخير,266000,60000
الخير,100000,59999
الخير,419048,77079
الخير,390476,76564
الخير,375000,72441
الخير,100000,64500
الخير,100000,64500
الخير,295000,64500
الخير,285000,64500
الخير,295000,64500
الخير,280000,64500
الخير,295000,64500
الخير,285000,64500
الخير,295000,64500
الخير,280000,64500
الخير,100000,64500
الخير,100000,64500
الخير,315000,75000
الخير,155000,40200
الخير,300000,78000
الخير,370000,78000
الخير,310000,79500
الخير,300000,73500
الخير,290000,76500
الخير,200000,38250
الخير,195000,38250
الخير,200000,42000
الخير,200000,42000
الخير,185000,42000
الخير,300000,60927
الخير,350000,75000
الخير,170000,37500
الخير,170000,37500
الخير,340000,75000
الخير,260000,75000
الخير,345000,75000
الخير,340000,84255
الخير,400000,84255
الخير,330000,72700
الخير,330000,75076
الخير,95238,75059
الخير,217000,40225
الخير,335000,75000
الخير,300000,73775
الخير,375000,72000
الخير,375000,72000
الخير,375000,71880
الخير,375000,71880
الخير,278260,67620
الخير,310000,67620
الخير,200000,45000
الخير,210000,45000
الخير,200000,45000
الخير,200000,45000
الخير,175000,37500
الخير,200000,45000
الخير,200000,45000
الخير,278260,75000
الخير,200000,45000
الخير,200000,45000
الخير,300000,75000
الخير,325000,75000
الخير,325000,75000
الخير,360000,75000
الخير,345200,75000
الخير,330000,75000
الخير,310000,69510
الخير,447500,90000
الخير,300000,75000
الخير,300000,75000
الخير,300000,75000
الخير,300000,75000
الخير,300000,75000
الخير,357150,75000
الخير,340000,75257
الخير,305000,75000
الخير,300000,75000
الخير,305000,75000
الخير,370000,74171
الخير,370000,74171
الخير,360000,73344
الخير,163000,36000
الخير,185750,37500
الخير,500000,75000
الخير,340000,75000
الخير,361905,75000
الخير,210000,43943
الخير,238095,81513
الخير,238095,75000
الخير,238095,75000
الخير,238095,75000
الخير,350000,75000
الخير,350000,75000
الخير,355000,75000
الخير,370000,75000
الخير,370000,75000
الخير,273333,75000
الخير,273333,75000
الخير,405000,89319
الخير,405000,89319
الخير,345000,75000
الخير,330500,71913
الخير,330500,71397
الخير,350000,75000
الخير,200000,75000
الخير,400000,75000
الخير,180000,37500
الخير,180000,37500
الخير,230000,75000
الخير,324000,75000
الخير,278260,75000
الخير,350000,75000
الخير,278260,75000
الخير,304347,75000
الخير,320000,75000
الخير,300000,74415
الخير,300000,75000
الخير,185000,37500
الخير,100000,37500
الخير,300000,75000
الخير,300000,68944
الخير,333000,68944
الخير,171000,37500
الخير,178000,37500
الخير,350000,75000
الخير,335000,75000
الخير,300000,75000
الخير,360000,75000
الخير,247619,52728
الخير,319047,75000
الخير,171000,37500
الخير,185000,37500
الخير,310000,75000
الخير,400000,75000
الخير,395238,75000
الخير,395238,75000
الخير,347619,75000
الخير,357142,75000
الخير,347700,75000
الخير,476190,86146
الخير,476190,86146
الخير,420000,86146
الخير,350000,75950
الخير,380000,75950
الخير,400000,75000
الخير,343478,81900
الخير,343478,91650
الخير,215000,37490
الخير,185749,37500
الخير,200000,75000
الخير,370000,75000
الخير,364000,75000
الخير,370000,75000
الخير,350000,80000
الخير,370000,80000
الخير,350000,75000
الخير,350000,75000
الخير,420000,75000
الخير,370000,75000
الخير,370000,75000
الخير,370000,81000
الخير,370000,81000
الخير,209524,37500
الخير,370000,81000
الخير,150000,81000
الخير,370000,81000
الخير,150000,81000
الخير,370000,81000
الخير,370000,81000
الخير,482125,107161
الخير,482125,104089
الخير,482125,95330
الخير,482125,104089
الخير,482125,115839
الخير,482125,87500
الخير,482125,101860
الخير,482125,87500
الخير,425000,75000
الخير,410000,75000
الخير,325000,51343
الخير,325000,51343
الخير,280000,45000
الخير,380875,75000
الخير,257000,45000
الخير,350000,67578
الخير,350000,68480
الخير,325000,75000
الخير,325000,75000
الخير,300000,89581
الخير,370000,87500
الخير,441750,87851
الخير,400000,75086
الخير,326087,68100
الخير,326087,67675
الخير,391304,81258
الخير,326087,76592
الخير,326087,62432
الخير,400000,70870
الخير,400000,73083
الخير,400000,78000
الخير,350000,75000
الخير,50000,89818
الخير,50000,85185
الخير,180000,37500
الخير,350000,87500
الخير,350000,84000
الخير,350000,84000
الخير,375000,106400
الخير,375000,106400
الخير,375000,106400
الخير,510000,106400
الخير,375000,106400
الخير,476190,106400
الخير,300000,75000
الخير,335000,75000
الخير,335000,75000
الخير,320000,75000
الخير,365000,75000
الخير,100000,75000
الخير,100000,37500
الخير,365217,82538
الدار البيضاء,550000,50000
الدار البيضاء,460000,25000
الدار البيضاء,460228,31250
الدار البيضاء,1293574,70000
الدار البيضاء,500000,70000
الدار البيضاء,520000,70000
الدار البيضاء,970000,62500
الدار البيضاء,600000,50000
الدار البيضاء,371871,43750
الدار البيضاء,371871,43750
الدار البيضاء,371871,43750
الدار البيضاء,357000,42000
الدار البيضاء,386750,45500
الدار البيضاء,340000,42750
الدار البيضاء,340000,43750
الدار البيضاء,650000,50000
الدار البيضاء,1100000,37500
الدار البيضاء,1100000,37500
الدار البيضاء,500698,50000
الدار البيضاء,770000,37500
الدار البيضاء,482733,31250
الدار البيضاء,1450000,75000
الدار البيضاء,296250,41500
الدار البيضاء,296250,45000
الدار البيضاء,296250,43750
الدار البيضاء,296250,43750
الدار البيضاء,296250,43750
الدار البيضاء,296250,43750
الدار البيضاء,296250,43750
الدار البيضاء,296250,43750
الدار البيضاء,296250,43750
الدار البيضاء,296250,43750
الدار البيضاء,375000,43750
الدار البيضاء,375000,43750
الدار البيضاء,375000,42000
الدار البيضاء,375000,45500
الدار البيضاء,382500,45000
الدار البيضاء,750000,60000
الدار البيضاء,668455,37500
الدار البيضاء,820000,37500
الدار البيضاء,350000,50000
الدار البيضاء,500000,75000
الدار البيضاء,252322,33800
الدار البيضاء,2118750,169500
الدار البيضاء,400000,50100
الدار البيضاء,596089,36488
الدار البيضاء,1408499,60000
الدار البيضاء,297000,33000
الدار البيضاء,297000,33000
الدار البيضاء,407300,45000
الدار البيضاء,388550,40898
الدار البيضاء,4086100,449022
الدار البيضاء,3565890,379349
الدار البيضاء,4031626,447900
الدار البيضاء,4199436,466530
الدار البيضاء,4987500,525000
الدار البيضاء,4398012,488668
الدار البيضاء,4404969,489441
الدار البيضاء,4408434,489826
الدار البيضاء,5633183,489826
الدار البيضاء,6039758,635756
الدار البيضاء,6258137,672900
الدار البيضاء,7603973,672900
الدار البيضاء,6392721,671775
الدار البيضاء,6345000,666900
الدار البيضاء,5596911,621429
الدار البيضاء,5593428,621493
الدار البيضاء,5589963,620207
الدار البيضاء,5583006,620335
الدار البيضاء,5579541,619948
الدار البيضاء,594000,66000
الدار البيضاء,2000000,200000
الدار البيضاء,1188000,132000
الدار البيضاء,3250000,325000
الدار البيضاء,2850000,285000
الدار البيضاء,2443802,268308
الدار البيضاء,2455189,269801
الدار البيضاء,3237720,268801
الدار البيضاء,2007855,223095
الدار البيضاء,3504809,358400
الدريهمية,850000,37500
الدريهمية,958750,76700
الدريهمية,916605,25000
الرائد,3465000,90000
الرائد,3100000,75000
الرائد,14400000,175000
الرائد,6100000,150000
الرائد,2310000,60000
الرابية,160000,40000
الرابية,155000,40000
الرابية,120000,40000
الرابية,125000,40000
الرابية,150000,40000
الرابية,140000,40000
الرابية,70000,40800
الرابية,120000,42500
الرابية,100000,42500
الرابية,143000,40000
الرابية,100000,40000
الرابية,160000,40000
الرابية,140000,40000
الرابية,165000,40000
الرابية,145000,40000
الرابية,150000,40000
الرابية,165000,40000
الرابية,150000,40000
الرابية,100000,40000
الرابية,143000,40000
الرابية,130000,40000
الرابية,160000,42500
الرابية,50000,43200
الرابية,165000,40800
الرابية,160000,40000
الرابية,130000,40000
الرابية,140000,40000
الرابية,135000,42500
الرابية,100000,42500
الرابية,120000,40000
الرابية,60000,40000
الرابية,150000,40800
الرابية,140000,40000
الرابية,130000,40000
الرابية,150000,40000
الرابية,140000,40000
الرابية,100000,40000
الرابية,80000,40000
الرابية,155000,40000
الرابية,120000,43200
الرابية,175000,43200
الرابية,160000,40000
الرابية,150000,40000
الرابية,100000,40000
الرابية,122265,40375
الرابية,129575,40375
الرابية,121338,40050
الرابية,50000,40050
الرابية,75000,40375
الرابية,110000,40375
الرابية,108000,40375
الرابية,130000,40375
الرابية,100000,40050
الرابية,105000,40000
الرابية,100000,40800
الرابية,130000,40800
الرابية,122265,40050
الرابية,120000,40800
الرابية,10000,40000
الرابية,130000,40950
الرابية,125000,40950
الرابية,120413,40950
الرابية,110000,40000
الرابية,90000,40000
الرابية,95653,41400
الرابية,130000,41400
الرابية,95000,41400
الرابية,155000,41400
الرابية,125000,41400
الرابية,165000,41400
الرابية,70000,41400
الرابية,119000,41400
الرابية,120000,41400
الرابية,160000,41400
الرابية,105000,40614
الرابية,170000,63768
الرابية,200000,63768
الرابية,120000,44328
الرابية,175000,44328
الرابية,100000,41400
الرابية,120000,41400
الرابية,100000,41400
الرابية,150000,41400
الرابية,176200,41400
الرابية,155000,41400
الرابية,150000,41400
الرابية,180000,46000
الرابية,89000,36000
الرابية,105000,36000
الرابية,105000,36000
الرابية,200000,93600
الرابية,200000,90000
الرابية,101000,46500
الرابية,130000,45000
الرابية,140000,45000
الرابية,260000,90000
الرابية,140000,45000
الرابية,80000,45000
الرابية,100000,30000
الرابية,100000,30000
الرابية,130000,46500
الرابية,100000,90000
الرابية,270000,90000
الرابية,310000,90000
الرابية,285000,90000
الرابية,50000,45000
الرابية,200000,94724
الرابية,120000,46800
الرابية,180000,90450
الرابية,55000,90000
الرابية,60000,90000
الرابية,50000,90000
الرابية,40000,90000
الرابية,115000,45000
الرابية,50000,45000
الرابية,125000,45000
الرابية,50000,93600
الرابية,118000,45000
الرابية,130000,45000
الرابية,143000,45000
الرابية,100000,91000
الرابية,220000,95400
الرابية,200000,90000
الرابية,200000,90000
الرابية,260000,90000
الرابية,100000,45000
الرابية,170000,92400
الرابية,25000,46200
الرابية,25000,46200
الرابية,245000,97650
الرابية,140000,45000
الرابية,250000,91000
الرابية,50000,93578
الرابية,210000,93578
الرابية,70000,91333
الرابية,70000,91333
الرابية,210000,91333
الرابية,200000,102600
الرابية,100000,102600
الرابية,50000,48312
الرابية,120000,42000
الرابية,130000,40000
الرابية,130000,40000
الرابية,80000,50000
الرابية,125000,42000
الرابية,120000,40164
الرابية,120000,40000
الرابية,76000,24364
الرابية,120000,40000
الرابية,105000,50000
الرابية,120000,50000
الرابية,130000,40000
الرابية,118750,40000
الرابية,50000,42500
الرابية,105000,42500
الرابية,107000,40000
الرابية,50000,40000
الرابية,110000,42500
الرابية,125000,42500
الرابية,100000,40000
الرابية,80000,40000
الرابية,105000,40000
الرابية,100000,40000
الرابية,115000,40000
الرابية,100000,40000
الرابية,115000,40000
الرابية,100000,40000
الرابية,102000,40000
الرابية,125000,40000
الرابية,102500,40000
الرابية,110000,40000
الرابية,115000,40000
الرابية,110000,40000
الرابية,70000,40000
الرابية,95000,40000
الرابية,130000,40420
الرابية,125000,40000
الرابية,70000,40000
الرابية,125000,43345
الرابية,250000,90000
الرابية,350000,90000
الرابية,360000,100800
الربوة,1300000,44000
الربوة,390000,70000
الربوة,1000000,40000
الربوة,1700000,62400
الربوة,1300000,40500
الربوة,950000,39468
الربوة,1030202,32200
الربوة,1000000,67900
الربوة,20000,62400
الربيع,2349000,65250
الربيع,1356750,40500
الربيع,1356750,40500
الربيع,783827,33800
الرحمانية,11988000,360000
الرسالة,60000,80000
الرسالة,100000,200000
الرفيعة,1007561,28800
الرفيعة,760152,40008
الرفيعة,736295,40792
الرفيعة,950000,42600
الرفيعة,900520,45026
الرمال,1093750,62500
الرمال,405000,22500
الرمال,405000,22500
الرمال,405000,22500
الرمال,405000,22500
الرمال,2650000,325000
الرمال,4000000,650000
الرمال,1500000,216650
الرمال,1200000,216650
الرمال,1890000,252000
الرمال,618750,37500
الرمال,450000,30000
الرمال,43623,35000
الرمال,519000,30000
الرمال,516000,30000
الرمال,516000,30000
الرمال,510000,30000
الرمال,510000,30000
الرمال,531250,31250
الرمال,531250,31250
الرمال,1275000,75000
الرمال,528125,31250
الرمال,528125,31250
الرمال,528125,31250
الرمال,507000,30000
الرمال,507000,30000
الرمال,12500000,2500000
الرمال,2040714,129600
الرمال,2007500,275000
الرمال,1680000,240000
الرمال,2100000,250000
الرمال,847000,77000
الرمال,1470000,38387
الرمال,417824,63000
الرمال,695968,43050
الرمال,384000,24000
الرمال,384000,24000
الرمال,384000,24000
الرمال,384000,24000
الرمال,435938,28125
الرمال,418500,27000
الرمال,418500,27000
الرمال,435938,28125
الرمال,435938,28125
الرمال,488250,31500
الرمال,488250,31500
الرمال,471000,30000
الرمال,471000,30000
الرمال,537000,30000
الرمال,476587,26625
الرمال,408120,22800
الرمال,6138000,396000
الرمال,6513576,563946
الرمال,14384310,928020
الرمال,6556976,546474
الرمال,5947200,495600
الرمال,12336218,795885
الرمال,12648000,843200
الرمال,13550628,1129219
الرمال,12236400,1019700
الرمال,12224400,1018700
الرمال,13586400,1132200
الرمال,2989188,249099
الرمال,888000,60000
الرمال,888000,60000
الرمال,888000,60000
الرمال,888000,60000
الرمال,480000,30000
الرمال,480000,30000
الرمال,900000,60000
الرمال,467024,27472
الرمال,405570,27038
الرمال,540000,36000
الرمال,540000,36000
الرمال,540000,36000
الرمال,540000,36000
الرمال,930000,60000
الرمال,870000,60000
الرمال,870000,60000
الرمال,546000,36400
الرمال,504000,33600
الرمال,487500,32500
الرمال,462500,31250
الرمال,462500,31250
الرمال,462500,31250
الرمال,462500,31250
الرمال,462500,31250
الرمال,533820,34440
الرمال,492800,30800
الرمال,563200,35200
الرمال,540000,36000
الرمال,100000,75000
الرمال,529200,36000
الرمال,562500,37500
الرمال,562500,37500
الرمال,562500,37500
الرمال,1200000,75000
الرمال,562500,37500
الرمال,532800,36000
الرمال,468090,31206
الرمال,468000,31200
الرمال,468000,31200
الرمال,468000,31200
الرمال,468090,31206
الرمال,589372,42098
الرمال,450000,36000
الرمال,450000,36000
الرمال,450000,36000
الرمال,450000,36000
الرمال,489600,30600
الرمال,489600,30600
الرمال,532800,36000
الرمال,504000,36000
الرمال,496800,36000
الرمال,504000,36000
الرمال,525600,36000
الرمال,532800,36000
الرمال,496800,36000
الرمال,496800,36000
الرمال,532800,36000
الرمال,525600,36000
الرمال,496800,36000
الرمال,496800,36000
الرمال,525600,36000
الرمال,525600,36000
الرمال,496800,36000
الرمال,496800,36000
الرمال,200000,36000
الرمال,496800,36000
الرمال,200000,36000
الرمال,751260,45531
الرمال,400000,43122
الرمال,200000,42422
الرمال,780000,60000
الرمال,522000,36000
الرمال,522000,36000
الرمال,522000,36000
الرمال,522000,36000
الرمال,422880,26180
الرمال,422880,26680
الرمال,465000,30000
الرمال,435000,30000
الرمال,435000,30000
الرمال,450000,30000
الرمال,435000,30000
الرمال,435000,30000
الرمال,450000,30000
الرمال,450000,30000
الرمال,450000,30000
الرمال,435000,30000
الرمال,435000,30000
الرمال,450000,30000
الرمال,450000,30000
الرمال,394460,29438
الرمال,435000,30000
الرمال,450000,30000
الرمال,450000,30000
الرمال,450000,30000
الرمال,450000,30000
الرمال,450000,30000
الرمال,450000,30000
الرمال,450000,30000
الرمال,450000,30000
الرمال,450000,30000
الرمال,450000,30000
الرمال,450000,30000
الرمال,465000,30000
الرمال,383120,23400
الرمال,397800,23400
الرمال,300000,29687
الرمال,496000,34219
الرمال,427905,27786
الرمال,428706,27838
الرمال,465000,30000
الرمال,465000,30000
الرمال,300000,30000
الرمال,379831,22343
الرمال,352044,20955
الرمال,357336,21270
الرمال,823200,58799
الرمال,646800,58800
الرمال,823200,58800
الرمال,882000,58800
الرمال,882000,58800
الرمال,485100,29400
الرمال,882000,58800
الرمال,958040,55787
الرمال,580000,40000
الرمال,580000,40000
الرمال,330000,29440
الرمال,330000,30000
الرمال,330000,30000
الرمال,330000,29440
الرمال,330000,30000
الرمال,330000,30000
الرمال,330000,30000
الرمال,330000,30000
الرمال,330000,30000
الرمال,330000,30000
الرمال,330000,30000
الرمال,330000,30000
الرمال,780000,60000
الرمال,952800,79467
الرمال,17549584,1350063
الرمال,1625000,125000
الرمال,3271125,228750
الرمال,3585699,275823
الرمال,2574000,180000
الرمال,4030000,310000
الرمال,4680000,360000
الرمال,4795388,368880
الرمال,578694,28350
الرمال,546545,26775
الرمال,553179,27100
الرمال,546545,26775
الرمال,504412,34787
الرمال,330774,22812
الرمال,416850,23820
الرمال,394975,22570
الرمال,504000,28800
الرمال,1250000,36000
الرمال,467342,27014
الرمال,372226,21516
الرمال,440163,25443
الرمال,467187,27005
الرمال,435960,25200
الرمال,995000,23400
الرمال,750000,55050
الرمال,369740,27800
الرمال,920000,21600
الرمال,900000,27563
الرمال,954160,21038
الرمال,820660,24713
الرمال,504566,29433
الرمال,285000,37200
الرمال,483600,37200
الرمال,483600,37200
الرمال,1312700,28661
الرمال,968750,77495
الرمال,1150000,77500
الرمال,903750,77500
الرمال,875365,22800
الرمال,558000,36000
الرمال,539400,35960
الرمال,533250,35550
الرمال,550800,36000
الرمال,550800,36000
الرمال,685047,25200
الرمال,684314,31000
الرمال,563400,46950
الرمال,550632,43701
الرمال,547495,43452
الرمال,1310000,46200
الرمال,400000,68348
الرمال,692527,53279
الرمال,1039500,105000
الرمال,955000,105000
الرمال,933043,72894
الرمال,590486,45422
الرمال,555275,44422
الرمال,555275,44422
الرمال,555275,44422
الرمال,1000000,48600
الرمال,1358882,117145
الرمال,1269960,133680
الرمال,853714,92795
الرمال,443300,28600
الرمال,200000,75665
الرمال,924000,66000
الرمال,2196710,32500
الرمال,1328575,69925
الرمال,647500,35000
الرمال,555000,30000
الرمال,555000,30000
الرمال,555000,30000
الرمال,552000,30000
الرمال,552000,30000
الرمال,644000,35000
الرمال,644000,35000
الرمال,840000,40093
الرمال,1271900,69125
الرمال,1271900,69125
الرمال,1768000,93560
الرمال,1777640,93560
الروابى,1316799,41550
الروابى,1000000,29900
الروابى,200000,42000
الروابى,250000,66000
الروابى,3200000,105000
الروابى,1012361,32633
الروضة,587233,34500
الروضة,1238900,48585
الروضة,1300000,59865
الروضة,729600,30400
الروضة,487510,31250
الروضة,9262500,487500
الريان,950000,31250
الريان,2300000,90000
الريان,900000,20000
الزهراء,700000,28125
الزهرة,687981,50000
الزهرة,423300,31250
الزهور,200000,47500
الزهور,410000,90000
الزهور,350000,90000
الزهور,170000,45625
الزهور,100000,91250
الزهور,150000,91250
الزهور,200000,91000
الزهور,300000,91000
الزهور,350000,91000
الزهور,200000,45500
الزهور,385000,91000
الزهور,192000,45500
الزهور,193000,45500
الزهور,300000,84000
الزهور,300000,91250
الزهور,250000,90000
الزهور,65000,30000
الزهور,150000,90000
الزهور,150000,90000
الزهور,100000,45000
الزهور,70000,30000
الزهور,100000,30000
الزهور,148000,45000
الزهور,62000,22500
الزهور,135000,45000
الزهور,135000,45000
الزهور,160000,45000
الزهور,155000,45000
الزهور,185000,45000
الزهور,150000,108000
الزهور,125000,44595
الزهور,190000,45000
الزهور,100000,90000
الزهور,190000,50100
الزهور,300000,90000
الزهور,250000,90000
الزهور,250000,90000
الزهور,100000,53874
الزهور,100000,53874
الزهور,310000,90000
السعادة,850000,45000
السعادة,300000,37054
السعادة,1485000,90000
السعادة,718575,43550
السعادة,1350000,30030
السعادة,500000,30030
السعادة,619048,39200
السعادة,619048,39200
السعادة,850000,35357
السعادة,1039087,36400
السعادة,542858,40600
السعادة,542858,40600
السلام,675000,37500
السلام,1732500,90000
السلام,798000,42000
السلام,1200000,60000
السلى,1150000,57500
السلى,1079000,62500
السلى,370000,55000
السلى,105177136,62500
السلى,1014000,58800
السلى,1456000,91000
السلى,1050000,33800
السليمانية,2050000,84000
السليمانية,2300000,81394
السليمانية,3000000,52500
السليمانية,700000,31250
السليمانية,950000,26496
السليمانية,2673775,62500
السليمانية,1833024,61070
السويدى,750000,70000
السويدى,750000,55000
السويدى,50000,40000
السويدى,50000,50000
السويدى,300000,50000
السويدى,400000,44000
السويدى,690000,56250
السويدى,1000000,92000
السويدى,446252,26250
السويدى,1164765,50000
السويدى,320000,21160
السويدى,360000,10000
السويدى,240000,40000
السويدى,285000,20000
السويدى,100000,20000
السويدى,340000,19900
السويدى,865000,60000
السويدى,1332188,44000
السويدى,1300000,87000
السويدى,1000000,56250
السويدى,738000,25000
السويدى,1248000,75000
السويدى,1200000,37350
السويدى,850000,75000
السويدى,1400000,55000
السويدى,295000,31250
السويدى,200000,31250
السويدى,295000,31250
السويدى,200000,31250
السويدى,322000,46000
السويدى,322000,46000
السويدى,358400,51200
السويدى,329000,47075
السويدى,496432,24040
السويدى,750000,44000
السويدى,500000,50000
السويدى,1099834,28500
السويدى,350000,15000
السويدى,300000,19814
الشرق,539175,39512
الشرق,420000,52500
الشرق,300000,60000
الشرق,695000,45000
الشرق,300000,45000
الشرق,135000,45000
الشرق,20000,60000
الشعلة,35000,37500
الشفاء,770000,43750
الشفاء,525000,56000
الشفاء,850000,45000
الشفاء,500000,50000
الشفاء,500000,50000
الشفاء,1100000,60000
الشفاء,455325,28000
الشفاء,450000,32500
الشفاء,540000,54000
الشفاء,430000,32000
الشفاء,100000,8104
الشفاء,700000,52500
الشميسى,50000,11426
الشميسى,60000,10963
الشهداء,910000,32500
الشهداء,3000000,100000
الصالحية,150000,11300
الصحافة,777619,25000
الصحافة,8480000,265000
الصحافة,1503000,39600
الصحافة,1758661,43125
الصحافة,1041600,33600
الصحافة,1041600,33600
الصحافة,1488000,48000
الصحافة,1116000,36000
الصحافة,1930000,37500
الصحافة,1600000,37500
الصناعية,800000,99200
الضباط,720000,49000
الضباط,330000,39100
الضباط,2100000,45425
العريجاء,950000,87000
العريجاء,745000,31250
العريجاء,250000,40000
العريجاء,878000,40000
العريجاء,572000,40000
العريجاء,100000,40000
العريجاء,540000,40000
العريجاء,400000,40000
العريجاء,700000,40000
العريجاء,687000,40000
العريجاء,579770,40000
العريجاء,565930,40000
العريجاء,525000,40000
العريجاء,416768,40000
العريجاء,1500000,40000
العريجاء,300000,40000
العريجاء,650000,40000
العريجاء,200000,40000
العريجاء,250000,30000
العريجاء,500000,40000
العريجاء,400000,40000
العريجاء,500000,40000
العريجاء,100000,20000
العريجاء,100000,40000
العريجاء,440000,40000
العريجاء,500000,40000
العريجاء,386666,40000
العريجاء,546588,40000
العريجاء,840000,40000
العريجاء,790000,46000
العريجاء,546100,40000
العريجاء,251052,40000
العريجاء,582610,50000
العريجاء,400000,40000
العريجاء,900000,72000
العريجاء,350000,37500
العريجاء,1260000,90000
العريجاء,350000,150000
العريجاء,780000,25000
العريجاء,300000,48000
العزيزية,686000,32502
العزيزية,895839,61782
العزيزية,500000,50000
العزيزية,500000,50000
العزيزية,1500000,50000
العزيزية,2020000,158800
العزيزية,480000,40000
العزيزية,360000,37500
العزيزية,500000,60000
العزيزية,953023,73170
العزيزية,325876,60000
العزيزية,1174073,45000
العزيزية,850000,27000
العزيزية,797172,50000
العزيزية,1464370,60000
العزيزية,1000000,45625
العزيزية,700000,43750
العزيزية,770000,37500
العزيزية,1000000,89100
العزيزية,700000,52500
العزيزية,100000,49200
العزيزية,350000,47250
العزيزية,360000,60000
العزيزية,190000,37487
العزيزية,630000,44000
العقيق,777732,37500
العقيق,765000,31250
العقيق,945000,26250
العقيق,349616,45000
العقيق,1600000,31250
العقيق,1300000,45000
العقيق,1173805,45000
العقيق,5450000,75000
العلا,472500,391650
العلا,50000,37500
العليا,1100000,52000
العليا,1830000,69000
العليا,804102,30927
العليا,2900000,105000
العليا,3520000,150000
العليا,1500000,70400
العليا,850000,40000
العليا,514286,8816
العليا,1030602,65000
العليا,1175000,50125
العمل,2000000,59074
العوالي,707285,25000
العوالي,1100000,90000
العوالي,200000,25000
العوالي,504000,36000
العوالي,723395,21250
الغروب,517500,45000
الغروب,750000,60000
الغروب,755925,60474
الغروب,673921,60000
الغروب,673920,60000
الغروب,673920,60000
الغنامية,40000,16000
الغنامية,80000,19200
الغنامية,80000,19200
الغنامية,43000,16000
الغنامية,25000,16000
الغنامية,40000,16000
الغنامية,120000,35200
الغنامية,120000,44500
الغنامية,119000,40000
الغنامية,115000,40000
الغنامية,150000,59308
الغنامية,50000,34580
الغنامية,115000,50000
الغنامية,115000,50000
الغنامية,117500,26796
الغنامية,117500,32568
الغنامية,83000,32000
الغنامية,190000,44100
الغنامية,321694,19200
الغنامية,600000,35200
الغنامية,165000,50000
الفاخرية,682577,25191
الفاروق,850000,89250
الفلاح,1179000,80000
الفلاح,1173383,35543
الفلاح,2598750,78750
الفلاح,2000000,50400
الفيحاء,771400,40600
الفيحاء,600000,31250
الفيحاء,1100000,65688
الفيحاء,1100000,55752
الفيحاء,467015,75000
الفيصلية,30000,14514
القادسية,600000,52500
القادسية,1500000,105000
القادسية,10100,75000
القادسية,438800,65000
القادسية,74998,36000
القادسية,1000000,37500
القادسية,855000,60000
القادسية,1008000,72000
القادسية,1013250,67550
القادسية,860000,61500
القادسية,1467000,122250
القادسية,500000,48000
القادسية,575000,48000
القادسية,150000,52500
القادسية,1275000,75000
القادسية,618000,37500
القادسية,618000,37500
القادسية,580000,40000
القادسية,600000,40000
القادسية,1150000,90000
القادسية,100000,32490
القادسية,200000,32490
القادسية,3285000,200000
القادسية,552500,32500
القادسية,607750,32500
القادسية,722500,42500
القادسية,550000,39000
القادسية,1600000,40020
القادسية,489240,33325
القادسية,1290000,32500
القادسية,1558250,67750
القادسية,774000,36000
القادسية,774000,36000
القادسية,1635000,75000
القادسية,774000,36000
القادسية,774000,36000
القادسية,3960000,180000
القادسية,1500000,75000
القادسية,649600,44800
القادسية,910500,60684
القادسية,598905,39927
القادسية,604800,36000
القادسية,1162000,36000
القادسية,1200000,49343
القدس,2285714,81000
القدس,956250,37500
القدس,760500,39000
القدس,916500,39000
القيروان,819311,20000
المحمدية,374517,27500
المحمدية,1295547,40000
المحمدية,1655719,50960
المحمدية,7500000,210000
المحمدية,950000,34125
المحمدية,1100000,35750
المحمدية,1100000,35750
المحمدية,5250000,150000
المربع,650000,22475
المربع,7000000,200700
المرسلات,800000,36000
المرسلات,4420000,176800
المرقب,100000,12999
المرقب,650000,8525
المرقب,400000,11400
المرقب,40000,7440
المرقب,100000,13330
المروج,2050000,81000
المروج,1300000,29500
المروج,2400000,70000
المروج,1300000,32400
المصانع,4340625,289375
المصانع,2911600,192220
المصانع,2911600,209842
المصفاة,210000,75000
المصفاة,172000,40000
المصفاة,190000,75000
المصفاة,140000,40000
المصفاة,200000,75000
المصفاة,1000000,500950
المصفاة,10000,87338
المصفاة,400000,59990
المصفاة,565840,71435
المصفاة,250000,78749
المصفاة,90000,59990
المصفاة,50000,59990
المصفاة,324409,49986
المصفاة,324409,49986
المصفاة,3000000,500000
المصفاة,2600000,500000
المصفاة,2600000,500000
المصيف,1638000,78000
المصيف,913795,33475
المصيف,459280,29400
المصيف,1050500,25480
المعذر,815000,15000
المعذر,1800000,20000
المعذر,1750000,20000
المعذر,977591,34919
المعذر,1075000,37500
المعذر,226000,50000
المعيزلية,386750,22100
المعيزلية,420000,22100
المعيزلية,450000,30000
المعيزلية,450000,30000
المعيزلية,350000,20000
المعيزلية,350000,20000
المعيزلية,784556,52500
المعيزلية,2500000,105251
المعيزلية,350000,42000
المعيزلية,688266,38237
المعيزلية,716544,39808
المغرزات,866066,60000
المغرزات,1922700,75400
المغرزات,1000000,35000
المغرزات,268894,56700
الملز,1000000,30928
الملز,1350000,67500
الملز,800000,62500
الملز,660000,54720
الملز,1300000,60000
الملز,800000,64100
الملز,1000000,45000
الملز,650000,62500
الملز,1091153,44683
الملز,595000,44000
الملز,550000,40000
الملز,588500,58850
الملز,650000,62500
الملقا,1347313,40000
الملقا,3000000,92500
الملقا,1600000,20000
الملقا,1600000,20000
الملقا,4750000,90000
الملقا,1417500,45000
الملقا,1583868,60750
الملقا,1491000,42000
الملقا,1541250,45000
الملقا,1563750,45000
الملقا,2625000,75000
الملقا,4100000,60000
الملقا,5600000,70472
الملقا,740859,46268
الملقا,1024250,30125
الملقا,1887000,51000
الملقا,631364,34375
الملقا,2925000,81250
الملقا,1200000,30000
الملقا,1000000,60000
الملقا,2104773,57665
الملقا,1523693,41745
الملقا,2125322,58228
الملقا,1387748,38021
الملقا,1564755,42870
الملقا,1408280,38583
الملقا,1408280,38583
الملقا,1564755,42870
الملقا,1408280,38583
الملقا,2125322,58228
الملقا,1523693,41745
الملقا,2125322,58228
الملقا,1950000,50645
الملقا,2000000,50508
الملقا,1425000,36358
الملقا,1475000,35825
الملقا,5600000,70000
الملقا,3120000,78000
الملقا,5300000,70020
الملقا,5300000,70020
الملقا,1188760,29719
الملقا,6170000,165000
الملقا,21120000,640000
الملقا,2160000,60000
الملقا,1740000,43500
الملقا,2190000,60000
الملقا,2850000,42560
الملقا,2500000,43560
الملقا,2800000,43560
الملقا,3700000,100000
الملقا,1014000,39000
الملقا,1980000,66000
الملقا,1980000,66000
الملقا,2047500,52500
الملك عبد الله,1261500,43500
الملك عبد الله,1261500,43500
الملك عبد الله,825000,33000
الملك عبد الله,1269105,37125
الملك عبد الله,1400000,40000
الملك عبد الله,716591,31280
الملك عبد الله,1606830,56380
الملك عبدالعزيز,1634802,39990
الملك عبدالعزيز,1204935,74543
الملك فهد,1040000,47500
الملك فهد,23556000,981500
الملك فهد,1496448,75000
الملك فهد,780000,21000
الملك فهد,800000,31250
الملك فهد,1540000,70000
الملك فيصل,100000,52000
الملك فيصل,1230000,62000
الملك فيصل,114500,25000
المناخ,180000,41000
المناخ,255000,38187
المناخ,724500,69063
المناخ,689850,65713
المناخ,350000,30000
المناخ,450000,31250
المناخ,260000,31250
المناخ,213031,25063
المناخ,213031,25063
المنار,866250,52500
المنار,850000,31250
المنصورة,540203,28600
المنصورة,700000,73500
المنصورة,850000,46000
المنصورة,600000,55000
المهدية,800000,54000
المهدية,759000,40000
المهدية,1000000,90000
المهدية,800000,40000
المهدية,625000,45000
المهدية,680000,40000
المهدية,400000,36000
المهدية,800000,40000
المهدية,940000,50000
المهدية,1200000,75000
المهدية,810000,40000
المهدية,850000,20000
المهدية,1000000,71875
المهدية,1300000,75000
المهدية,700000,90000
المهدية,300000,70638
المهدية,750000,104188
المهدية,617500,62919
المهدية,1549500,39000
المهدية,1500000,90000
المهدية,330000,40000
المهدية,659000,25000
المهدية,657238,20000
المهدية,1100000,90000
المهدية,750000,40000
المهدية,600000,37500
المهدية,700000,63000
المهدية,750000,40000
المهدية,650000,40000
المهدية,590000,40000
المهدية,665000,40000
المهدية,700000,40000
المهدية,790000,40000
المهدية,1050000,63000
المهدية,990000,22500
المهدية,100000,50000
المهدية,350000,28750
المهدية,840000,20000
المهدية,840000,20000
المهدية,350000,70400
المهدية,300000,40000
المهدية,310000,40000
المهدية,600000,58876
المهدية,345000,37500
المهدية,438797,75000
المهدية,750000,40000
المهدية,600000,45000
المهدية,337085,45000
المهدية,770000,40000
المهدية,1500000,90000
المهدية,800000,40000
المهدية,480000,39000
المهدية,1500000,37500
المهدية,370000,40000
المهدية,730000,40000
المهدية,300000,30000
المهدية,100000,53800
المهدية,620000,45000
المهدية,610000,45000
المهدية,943000,21000
المهدية,600000,42900
المهدية,590000,48125
المهدية,1070000,46522
المهدية,1070586,48663
المهدية,550000,49672
المهدية,550000,49375
المهدية,320000,28600
المهدية,500000,45000
المهدية,510000,49133
المهدية,320000,45000
المهدية,950000,60000
المهدية,300000,46038
المهدية,500000,45465
المهدية,625000,46877
المهدية,475000,54000
المهدية,350000,45000
المهدية,1055000,49828
المهدية,340000,46166
المهدية,400000,45000
المهدية,536000,45916
المهدية,350000,45000
المهدية,300000,45000
المهدية,650000,46718
المهدية,768000,51250
المهدية,650000,44725
المهدية,200000,75000
المهدية,200000,75000
المهدية,200000,75000
المونسية,860000,32400
المونسية,587487,32500
المونسية,1090524,31250
المونسية,892959,25000
المونسية,2314349,37500
المونسية,4675000,212500
المونسية,3740000,170000
المونسية,2405735,45000
المونسية,1950000,45000
المونسية,784000,39200
المونسية,4653000,387750
المونسية,600000,62500
المونسية,600000,62500
المونسية,600000,55000
المونسية,600000,55000
المونسية,600000,55000
المونسية,1300000,60000
المونسية,719392,42000
المونسية,6000000,198400
المونسية,600000,45500
المونسية,1244610,43750
المونسية,1073500,69000
المونسية,594822,34816
المونسية,1143096,40500
المونسية,494719,25000
المونسية,1400000,40350
المونسية,200000,55650
المونسية,1425000,28779
المونسية,1430000,28774
المونسية,700000,24000
المونسية,1500000,47326
المونسية,600000,24000
المونسية,600000,24000
المونسية,600000,24000
المونسية,600000,24000
المونسية,600000,24000
المونسية,576000,24000
المونسية,576000,24000
المونسية,576000,24000
المونسية,17695747,823058
المونسية,19076722,1004038
المونسية,1110900,48300
المونسية,16003400,695800
المونسية,15023600,653200
المونسية,4491900,195300
المونسية,4491900,195300
النخيل,2400000,60000
النخيل,2050000,50000
النخيل,1300000,25000
النخيل,5022500,122500
النخيل,5880000,122500
النخيل,4663750,113750
النخيل,5460000,113750
النخيل,3400000,120000
الندوة,602868,42000
الندوة,1468962,60000
الندوة,1312307,60000
الندى,2300000,37500
الندى,2350000,37500
الندى,2005000,67500
الندى,618488,33800
الندى,1375007,20003
الندى,1190250,45000
الندى,1264500,45000
الندى,7617600,288000
الندى,8008500,288000
الندى,2900000,40020
النرجس,2610000,87000
النرجس,2610000,87000
النرجس,2025000,90000
النرجس,200000,37500
النرجس,1300000,26250
النرجس,2000000,40500
النرجس,6714400,239800
النرجس,2310000,82500
النرجس,2310000,82500
النرجس,2310000,82500
النرجس,2310000,82500
النرجس,13927500,557100
النرجس,1305000,54375
النرجس,2650000,59450
النرجس,1872000,78000
النرجس,955500,39000
النرجس,4000000,90000
النرجس,889200,31200
النرجس,881400,31200
النرجس,881400,31200
النرجس,1407900,49400
النرجس,1809600,62400
النرجس,1809600,62400
النرجس,1809600,62400
النرجس,1809600,62400
النرجس,942500,32500
النرجس,942500,32500
النرجس,980200,33800
النرجس,980200,33800
النرجس,1093300,37700
النرجس,1093300,37700
النرجس,963443,33805
النرجس,1000000,35538
النرجس,1061366,36853
النرجس,1031250,37500
النرجس,986632,37658
النرجس,983483,37538
النرجس,986943,37670
النرجس,4268991,161094
النرجس,3556800,124800
النرجس,1461600,46398
النرجس,2046000,66000
النرجس,1000000,40000
النرجس,2750000,37819
النرجس,1930743,88143
النرجس,1652270,81546
النزهة,878501,31250
النسيم,400000,38000
النسيم,1076620,55000
النسيم,800000,50000
النسيم,390995,75000
النسيم,850000,40625
النسيم,360000,37500
النسيم,709600,50000
النسيم,100000,31250
النسيم,150000,31250
النسيم,90000,31250
النسيم,1126000,31250
النسيم,257815,37500
النسيم,772104,46875
النسيم,300000,50000
النظيم,250000,45000
النظيم,250000,46800
النظيم,350000,37500
النظيم,600000,75000
النظيم,820200,75000
النظيم,100000,125000
النظيم,600000,125000
النظيم,389043,31200
النظيم,421826,33800
النظيم,421826,33800
النظيم,200000,40200
النظيم,350000,45000
النظيم,1000000,48000
النظيم,607200,36800
النظيم,607200,36800
النظيم,725899,50000
النظيم,526534,50000
النظيم,780000,45000
النظيم,360000,69000
النظيم,456223,39900
النظيم,716730,38021
النظيم,300000,44000
النظيم,376000,62050
النظيم,50000,43017
النظيم,50000,42882
النظيم,50000,42746
النظيم,87350,36176
النظيم,50000,24532
النظيم,100000,24532
النفل,625165,25000
النهضة,1188000,72000
النهضة,1072500,67500
النهضة,1500000,84000
النهضة,1446358,37500
النهضة,464220,35712
النهضة,1400000,75000
النهضة,1166639,32400
النهضة,850000,40000
النهضة,626400,52200
النهضة,600000,37500
النهضة,1418062,37500
النهضة,700000,75000
النهضة,970000,37500
النهضة,1350000,43750
النهضة,580070,75000
النهضة,582853,55000
النهضة,450000,27500
النهضة,600000,61000
النهضة,583200,32400
النهضة,799063,40000
النهضة,438000,29205
النهضة,1530000,90000
النهضة,1530000,90000
النهضة,810000,45000
الهدا,1738044,37500
الهدا,1404456,34150
الواحة,1850000,37500
الواحة,1800000,37500
الوادي,900000,36480
الوادي,927500,37500
الوادي,1150000,40500
الوادي,1400000,29700
الوادي,1250000,36250
الوادي,1000000,27600
الوادي,1000000,31250
الورود,1500000,65000
الورود,1155000,39000
الورود,2000000,55200
الورود,4100000,110400
الوزارات,180384,50000
الوزارات,230000,10125
الوزارات,400000,11250
الياسمين,2175000,72500
الياسمين,2450000,36400
الياسمين,1051250,36250
الياسمين,1247400,41580
الياسمين,1205820,41580
الياسمين,1000000,24000
الياسمين,719932,37500
الياسمين,1168422,34840
الياسمين,2350000,52250
الياسمين,2350000,52250
الياسمين,937500,31250
الياسمين,1900000,31500
الياسمين,815606,42000
الياسمين,384885,39500
الياسمين,1176579,28800
الياسمين,1825000,31800
الياسمين,630000,25000
الياسمين,1900000,37500
الياسمين,1000000,80000
الياسمين,1528852,36000
الياسمين,1125000,37500
الياسمين,985307,36000
الياسمين,1200000,37500
الياسمين,850000,43750
الياسمين,2550000,55000
الياسمين,891549,36000
الياسمين,1750000,41216
الياسمين,1700000,37500
الياسمين,426191,45000
الياسمين,2093753,36000
الياسمين,161190,75600
الياسمين,1347500,26000
الياسمين,3300000,50065
الياسمين,2800000,40029
الياسمين,25792000,832000
اليرموك,925382,39000
اليرموك,1500000,50000
اليرموك,496730,30000
اليرموك,752962,37700
اليرموك,1000000,31200
اليرموك,2413125,107250
اليرموك,9800000,225000
اليرموك,100000,31250
اليرموك,686901,55000
اليرموك,766650,33325
اليرموك,765000,60000
اليرموك,1380000,69000
اليرموك,1576692,49000
اليمامة,210000,14341
اليمامة,150000,31700
اليمامة,219600,16200
اليمامة,240000,19800
ام الحمام,555000,17057
ام الحمام,215000,11700
ام الحمام,1580000,88050
ام الحمام,1200000,62500
ام الحمام,1200000,90000
ام الحمام,6704453,207000
ام سليم,150000,9995
ام سليم,60000,9902
بدر,600000,40500
بدر,500000,62500
بدر,350000,58500
بدر,200000,47500
بدر,800000,75000
بدر,510000,47500
بدر,900000,75000
بدر,1170000,36000
بدر,580000,50000
بدر,500000,60000
بدر,412500,37500
بدر,412500,37500
بدر,412500,37500
بدر,412500,37500
بدر,702750,93744
بدر,130000,44000
بدر,420000,42000
بدر,480000,42000
بدر,420000,42000
بدر,420000,42000
بدر,420000,42000
بدر,370000,42000
بدر,1434000,42000
بدر,800000,36000
بدر,289997,24390
بدر,360000,36000
بدر,360000,36000
بدر,360000,36000
بدر,360000,36000
بدر,378000,36000
بدر,900000,43400
بدر,324000,36000
بدر,378000,36000
بدر,324000,36000
بدر,378000,36000
بدر,324000,36000
بدر,378000,36000
بدر,324000,36000
بدر,378000,36000
بدر,324000,36000
بدر,324000,36000
بدر,324000,35500
بدر,388800,36000
بدر,388800,36000
بنبان,1968750,250000
جبره,200000,25762
جرير,992907,25000
جرير,437500,31250
جرير,1000000,96200
حطين,4000000,52500
حطين,2970000,90000
حطين,1350000,24000
حطين,462359,24000
حطين,3150000,43750
حطين,2118844,75673
حطين,4700000,60024
حطين,6018000,204000
حطين,7554095,256071
حطين,2650000,37500
حطين,1635000,40500
حطين,2150000,35205
حطين,2750000,29988
حطين,3365250,96150
حطين,1500000,165639
حطين,1000000,148920
خنشليلة,900000,62400
دعكنة,812346,50000
دعكنة,1080000,90000
ديراب,750000,84000
ديراب,100000,35000
ديراب,550000,50000
ديراب,800085,25000
ديراب,540000,45000
ديراب,360000,43750
ديراب,121000,34375
ديراب,50000,65000
سلطانة,310000,25500
سلطانة,800000,60000
سلطانة,850000,73538
شبرا,600000,24000
شبرا,100000,20000
شبرا,400000,42000
شبرا,682841,50000
شبرا,3100000,210000
شبرا,2300000,143000
شرق الرياض,140000,89900
شرق الرياض,125000,85050
شرق الرياض,125000,85050
شرق الرياض,125000,85050
شرق الرياض,55000,91800
شرق الرياض,200000,101017
شرق الرياض,125000,85050
شرق الرياض,180000,81000
شرق الرياض,80000,65683
شرق الرياض,276000,90000
شرق الرياض,276000,90000
شرق الرياض,240000,96000
شرق الرياض,230000,96000
شرق الرياض,250000,90660
شرق الرياض,250000,91800
شرق الرياض,277572,95638
شرق الرياض,277572,95499
شرق الرياض,227500,91800
شرق الرياض,227500,91800
شرق الرياض,175000,88400
شرق الرياض,175000,88400
شرق الرياض,196000,91800
شرق الرياض,70000,95200
شرق الرياض,70000,94865
شرق الرياض,100000,93700
شرق الرياض,100000,95200
شرق الرياض,100000,95200
شرق الرياض,265000,90000
شرق الرياض,162000,91992
شرق الرياض,260000,119359
شرق الرياض,100000,91800
شرق الرياض,50000,91800
شرق الرياض,50000,91800
شرق الرياض,100000,91800
شرق الرياض,200000,85820
شرق الرياض,200000,78099
شرق الرياض,150000,91800
شرق الرياض,200000,90000
شرق الرياض,260000,195000
شرق الرياض,150000,195000
شرق الرياض,100000,180000
شرق الرياض,100000,90000
شرق الرياض,100000,90000
شرق الرياض,100000,90000
شرق الرياض,100000,90000
شرق الرياض,100000,90000
شرق الرياض,100000,90000
شرق الرياض,100000,90000
شرق الرياض,100000,90000
شرق الرياض,100000,86900
شرق الرياض,100000,60300
شرق الرياض,100000,90000
شرق الرياض,100000,108000
شرق الرياض,100000,108000
شرق الرياض,300000,90000
شرق الرياض,265000,87000
شرق الرياض,50000,102100
شرق الرياض,238000,89670
شرق الرياض,220000,90000
شرق الرياض,220000,90000
شرق الرياض,220000,90000
شرق الرياض,209000,90000
شرق الرياض,195000,87000
شرق الرياض,230000,97200
شرق الرياض,60000,45000
شرق الرياض,90000,45000
شرق الرياض,98500,45000
شرق الرياض,150000,95999
شرق الرياض,140000,86400
شرق الرياض,100000,84000
شرق الرياض,120000,84000
شرق الرياض,237500,90000
شرق الرياض,237500,90000
شرق الرياض,50000,90000
شرق الرياض,205000,85293
شرق الرياض,101000,90000
شرق الرياض,189000,87000
شرق الرياض,110000,42000
شرق الرياض,70000,51000
شرق الرياض,30000,46500
شرق الرياض,120000,93000
شرق الرياض,230000,90000
شرق الرياض,260000,96000
شرق الرياض,160000,93600
شرق الرياض,140000,90000
شرق الرياض,150000,52200
شرق الرياض,150000,52200
شرق الرياض,250000,96000
شرق الرياض,200000,104400
شرق الرياض,188600,99000
شرق الرياض,100000,93000
شرق الرياض,170000,94043
شرق الرياض,155000,90000
شرق الرياض,177500,90000
شرق الرياض,150000,90000
شرق الرياض,155000,90000
شرق الرياض,177500,90000
شرق الرياض,93000,45000
شرق الرياض,185000,93000
شرق الرياض,255000,105000
شرق الرياض,250000,104999
شرق الرياض,171500,93000
شرق الرياض,180000,90000
شرق الرياض,100000,90000
شرق الرياض,160000,93000
شرق الرياض,50000,90000
شرق الرياض,100000,93600
شرق الرياض,100000,96000
شرق الرياض,100000,96000
شرق الرياض,100000,96000
شرق الرياض,245000,96000
شرق الرياض,255000,105000
شرق الرياض,200000,103911
شرق الرياض,230000,93000
شرق الرياض,130000,93000
شرق الرياض,100000,93000
شرق الرياض,270000,90000
شرق الرياض,200000,93000
شرق الرياض,60000,45000
شرق الرياض,250000,99000
شرق الرياض,175000,81000
شرق الرياض,210000,90000
شرق الرياض,85000,81000
شرق الرياض,150000,86400
شرق الرياض,150000,90000
شرق الرياض,220000,90000
شرق الرياض,185000,90000
شرق الرياض,180000,90000
شرق الرياض,190000,90000
شرق الرياض,100000,90000
شرق الرياض,160000,87000
شرق الرياض,160000,87000
شرق الرياض,183350,90000
شرق الرياض,350000,90000
شرق الرياض,350000,90000
شرق الرياض,200000,93600
شرق الرياض,220000,95904
شرق الرياض,150000,93600
شرق الرياض,200000,93600
شرق الرياض,250000,90000
شرق الرياض,100000,98000
شرق الرياض,215000,96000
شرق الرياض,55000,96000
شرق الرياض,55000,96000
شرق الرياض,100000,90000
شرق الرياض,220000,90000
شرق الرياض,270000,102000
شرق الرياض,270000,90000
شرق الرياض,275000,90000
شرق الرياض,247500,93000
شرق الرياض,250000,93000
شرق الرياض,230000,90000
شرق الرياض,300000,75485
شرق الرياض,315000,90000
شرق الرياض,250000,90000
شرق الرياض,120000,99000
شرق الرياض,220000,90000
شرق الرياض,185000,90000
شرق الرياض,350000,90000
شرق الرياض,240000,96000
شرق الرياض,260000,87000
شرق الرياض,220000,90000
شرق الرياض,200000,90000
شرق الرياض,150000,90000
شرق الرياض,150000,90000
شرق الرياض,150000,90000
شرق الرياض,150000,90000
شرق الرياض,150000,90000
شرق الرياض,150000,90000
شرق الرياض,200000,99000
شرق الرياض,225000,99000
شرق الرياض,250000,99000
شرق الرياض,212000,96000
شرق الرياض,243000,101920
شرق الرياض,240000,84000
شرق الرياض,130000,92800
شرق الرياض,195000,84000
شرق الرياض,350000,101200
شرق الرياض,230000,102900
شرق الرياض,110000,90000
شرق الرياض,200000,90000
شرق الرياض,250000,96000
شرق الرياض,250000,96000
شرق الرياض,250000,96000
شرق الرياض,100000,96000
شرق الرياض,237500,96000
شرق الرياض,240000,90000
شرق الرياض,230000,93000
شرق الرياض,260000,90000
شرق الرياض,99000,90000
شرق الرياض,210000,90000
شرق الرياض,185000,90000
شرق الرياض,182000,90000
شرق الرياض,215000,90000
شرق الرياض,150000,81000
شرق الرياض,160000,90000
شرق الرياض,100000,87000
شرق الرياض,50000,90000
شرق الرياض,200000,90000
شرق الرياض,170000,81000
شرق الرياض,75000,84000
شرق الرياض,75000,84000
شرق الرياض,130000,90000
شرق الرياض,100000,90000
شرق الرياض,180000,90000
شرق الرياض,305000,190000
شرق الرياض,200000,200000
شرق الرياض,175000,205000
شرق الرياض,175000,205000
شرق الرياض,260000,200000
شرق الرياض,330000,200000
شرق الرياض,375000,195000
شرق الرياض,400000,200000
شرق الرياض,410000,235000
شرق الرياض,410000,235000
شرق الرياض,125000,90000
شرق الرياض,150000,86400
شرق الرياض,100000,81000
شرق الرياض,100000,93599
شرق الرياض,150000,96000
شرق الرياض,130000,90000
شرق الرياض,175000,90000
شرق الرياض,200000,93000
شرق الرياض,120000,90000
شرق الرياض,110000,95700
شرق الرياض,155000,90000
شرق الرياض,170000,90000
شرق الرياض,140000,90000
شرق الرياض,150000,90000
شرق الرياض,160000,85290
شرق الرياض,236713,84000
شرق الرياض,120000,84000
شرق الرياض,162000,90000
شرق الرياض,90000,90000
شرق الرياض,127000,87000
شرق الرياض,142000,90000
شرق الرياض,150000,95700
شرق الرياض,151000,86399
شرق الرياض,118000,86400
شرق الرياض,145000,86400
شرق الرياض,200000,84000
شرق الرياض,200000,84000
شرق الرياض,130000,84000
شرق الرياض,50000,300000
شرق الرياض,300000,300000
شرق الرياض,40000,81000
شرق الرياض,100000,90000
شرق الرياض,280000,212800
شرق الرياض,365218,190000
شرق الرياض,300000,200000
شرق الرياض,100000,99000
شرق الرياض,80000,81000
شرق الرياض,180000,90000
شرق الرياض,142850,75000
شرق الرياض,157000,90148
شرق الرياض,160000,90148
شرق الرياض,90000,90000
شرق الرياض,60000,90000
شرق الرياض,122000,90000
شرق الرياض,50000,90000
شرق الرياض,200000,200000
شرق الرياض,50000,195000
شرق الرياض,117000,90000
شرق الرياض,137000,90000
شرق الرياض,120000,90000
شرق الرياض,90000,90000
شرق الرياض,100000,90000
شرق الرياض,105000,89999
شرق الرياض,50000,90000
شرق الرياض,40000,89999
شرق الرياض,115000,90000
شرق الرياض,115000,90000
شرق الرياض,150000,93000
شرق الرياض,60000,97555
شرق الرياض,130000,99200
شرق الرياض,101000,84000
شرق الرياض,120000,89999
شرق الرياض,130000,110544
شرق الرياض,150000,90016
شرق الرياض,85000,90000
شرق الرياض,100000,90000
شرق الرياض,120000,87499
شرق الرياض,110000,87500
شرق الرياض,110000,84000
شرق الرياض,100000,91000
شرق الرياض,125000,91000
شرق الرياض,70000,93000
شرق الرياض,125000,93000
شرق الرياض,125000,93000
شرق الرياض,117000,93000
شرق الرياض,122000,92490
شرق الرياض,130000,90000
شرق الرياض,60000,87633
شرق الرياض,100000,90730
شرق الرياض,125000,90730
شرق الرياض,120000,90845
شرق الرياض,85000,86999
شرق الرياض,100000,90000
شرق الرياض,92000,90000
شرق الرياض,90000,86400
شرق الرياض,90000,86400
شرق الرياض,105000,86400
شرق الرياض,135000,87000
شرق الرياض,60000,84465
شرق الرياض,105000,87000
شرق الرياض,105000,87000
شرق الرياض,220000,213475
شرق الرياض,170000,202715
شرق الرياض,130000,200000
شرق الرياض,130000,200000
شرق الرياض,130000,200000
شرق الرياض,175000,197400
شرق الرياض,25000,211200
شرق الرياض,150000,200000
شرق الرياض,150000,200000
شرق الرياض,150000,200000
شرق الرياض,172000,200000
شرق الرياض,185000,185000
شرق الرياض,185000,180350
شرق الرياض,60000,90869
شرق الرياض,70000,91800
شرق الرياض,110000,95200
شرق الرياض,110000,95200
شرق الرياض,112500,131152
شرق الرياض,112500,134471
شرق الرياض,97000,91800
شرق الرياض,40000,91800
شرق الرياض,70000,91800
شرق الرياض,100000,91800
شرق الرياض,100000,91800
شرق الرياض,78000,91800
شرق الرياض,105000,91800
شرق الرياض,110000,93117
شرق الرياض,100000,103159
شرق الرياض,70000,91800
شرق الرياض,100000,91800
شرق الرياض,120000,91800
شرق الرياض,95000,90000
شرق الرياض,95000,90000
شرق الرياض,100000,90000
شرق الرياض,40000,90000
شرق الرياض,50000,90000
شرق الرياض,120000,82489
شرق الرياض,100000,90000
شرق الرياض,100000,90000
شرق الرياض,100000,90000
شرق الرياض,100000,90000
شرق الرياض,30000,90000
شرق الرياض,80000,86400
شرق الرياض,110000,90000
شرق الرياض,140000,90000
شرق الرياض,80000,90000
شرق الرياض,105000,90000
شرق الرياض,110000,105697
شرق الرياض,120000,106325
شرق الرياض,82000,90000
شرق الرياض,100000,90000
شرق الرياض,100000,90000
شرق الرياض,90000,93600
شرق الرياض,73000,90000
شرق الرياض,130000,210000
شرق الرياض,150000,223118
شرق الرياض,100000,210000
شرق الرياض,130000,205000
شرق الرياض,80000,75000
شرق الرياض,76000,75000
شرق الرياض,85000,75000
شرق الرياض,74000,75900
شرق الرياض,70000,75000
شرق الرياض,85000,75000
شرق الرياض,70000,75900
شرق الرياض,10000,75900
شرق الرياض,40000,75000
شرق الرياض,90000,82500
شرق الرياض,75000,75000
شرق الرياض,50000,76375
شرق الرياض,80000,101151
شرق الرياض,110000,75000
شرق الرياض,75000,75000
شرق الرياض,75000,75000
شرق الرياض,40000,75900
شرق الرياض,50000,75900
شرق الرياض,40000,80850
شرق الرياض,80000,84630
شرق الرياض,95000,86556
شرق الرياض,80000,75248
شرق الرياض,65000,42000
شرق الرياض,62000,42000
شرق الرياض,80000,40000
شرق الرياض,60000,43000
شرق الرياض,50000,43000
شرق الرياض,65000,43000
شرق الرياض,62000,47000
شرق الرياض,30000,47500
شرق الرياض,57000,42000
شرق الرياض,90000,64279
شرق الرياض,50000,44000
شرق الرياض,74000,44000
شرق الرياض,40000,78750
شرق الرياض,115000,86751
شرق الرياض,95250,76800
شرق الرياض,50000,75000
شرق الرياض,75000,75000
شرق الرياض,90000,75000
شرق الرياض,80000,75000
شرق الرياض,81000,75000
شرق الرياض,85000,75000
شرق الرياض,40000,75000
شرق الرياض,85000,75000
شرق الرياض,102000,75000
شرق الرياض,80000,75000
شرق الرياض,100000,75000
شرق الرياض,80000,75000
شرق الرياض,85000,75000
شرق الرياض,90000,75000
شرق الرياض,80000,75000
شرق الرياض,30000,70000
شرق الرياض,83000,75000
شرق الرياض,88000,75000
شرق الرياض,130000,75000
شرق الرياض,100000,75000
شرق الرياض,100000,75000
شرق الرياض,90000,75000
شرق الرياض,90000,75000
شرق الرياض,90000,75000
شرق الرياض,88000,75000
شرق الرياض,97500,75000
شرق الرياض,80000,75000
شرق الرياض,85000,75000
شرق الرياض,110000,75000
شرق الرياض,60000,75000
شرق الرياض,124000,75000
شرق الرياض,123000,75000
شرق الرياض,70000,75000
شرق الرياض,75000,75000
شرق الرياض,100000,82500
شرق الرياض,100000,75000
شرق الرياض,50000,75000
شرق الرياض,170000,82500
شرق الرياض,110000,75000
شرق الرياض,125400,75000
شرق الرياض,40000,75000
شرق الرياض,115000,75250
شرق الرياض,80000,75250
شرق الرياض,40000,75250
شرق الرياض,90000,75250
شرق الرياض,80000,75000
شرق الرياض,107000,75000
شرق الرياض,108000,75000
شرق الرياض,97000,75000
شرق الرياض,86000,81000
شرق الرياض,100000,81000
شرق الرياض,92625,75000
شرق الرياض,60000,75950
شرق الرياض,76000,75950
شرق الرياض,88000,75950
شرق الرياض,50000,77649
شرق الرياض,50000,75000
شرق الرياض,70000,75200
شرق الرياض,50000,75200
شرق الرياض,89500,76800
شرق الرياض,100000,75000
شرق الرياض,100000,75000
شرق الرياض,90000,76500
شرق الرياض,95000,75000
شرق الرياض,108000,75000
شرق الرياض,100000,88621
شرق الرياض,101000,88621
شرق الرياض,90000,75000
شرق الرياض,115000,74718
شرق الرياض,45000,96666
شرق الرياض,80000,96666
شرق الرياض,100000,75606
شرق الرياض,50000,75606
شرق الرياض,72500,75900
شرق الرياض,95000,75000
شرق الرياض,50000,75000
شرق الرياض,75000,75950
شرق الرياض,84000,75950
شرق الرياض,95000,75950
شرق الرياض,20000,76500
شرق الرياض,90000,76800
شرق الرياض,90000,76800
شرق الرياض,50000,77221
شرق الرياض,92000,75900
شرق الرياض,80000,75000
شرق الرياض,50000,76800
شرق الرياض,95000,75000
شرق الرياض,100000,75000
شرق الرياض,20000,76500
شرق الرياض,105000,75000
شرق الرياض,118000,75000
شرق الرياض,100000,75000
شرق الرياض,90000,77550
شرق الرياض,70000,76500
شرق الرياض,100000,76500
شرق الرياض,60000,75374
شرق الرياض,105000,75000
شرق الرياض,100000,75000
شرق الرياض,100000,75000
شرق الرياض,50000,75000
شرق الرياض,100000,75000
شرق الرياض,100000,75000
شرق الرياض,99750,75000
شرق الرياض,100000,75000
شرق الرياض,115000,75000
شرق الرياض,100000,76800
شرق الرياض,115000,75375
شرق الرياض,95000,75000
شرق الرياض,75000,96121
شرق الرياض,63000,75000
شرق الرياض,100000,75000
شرق الرياض,120000,75900
شرق الرياض,97500,75900
شرق الرياض,150000,91156
شرق الرياض,130000,75000
شرق الرياض,95000,75000
شرق الرياض,105000,75000
شرق الرياض,60000,37500
شرق الرياض,152000,100993
شرق الرياض,120000,83040
شرق الرياض,130000,75000
شرق الرياض,120000,75000
شرق الرياض,75000,75000
شرق الرياض,50000,75000
شرق الرياض,135000,84135
شرق الرياض,82609,76800
شرق الرياض,52500,76800
شرق الرياض,113333,75000
شرق الرياض,119000,75000
شرق الرياض,120000,82500
شرق الرياض,110000,75900
شرق الرياض,118000,75900
شرق الرياض,115000,75000
شرق الرياض,80000,75000
شرق الرياض,80000,75000
شرق الرياض,115000,75000
شرق الرياض,100000,75000
شرق الرياض,100000,75000
شرق الرياض,100000,75000
شرق الرياض,115000,75000
شرق الرياض,115000,75000
شرق الرياض,140000,86088
شرق الرياض,130000,76500
شرق الرياض,105000,61500
شرق الرياض,100000,74550
شرق الرياض,120000,74550
شرق الرياض,60000,61500
شرق الرياض,40000,75000
شرق الرياض,100000,72878
شرق الرياض,95000,75000
شرق الرياض,130000,90121
شرق الرياض,130000,80040
شرق الرياض,80000,61500
شرق الرياض,95000,61500
شرق الرياض,80000,61500
شرق الرياض,86000,75000
شرق الرياض,95000,75000
شرق الرياض,90000,75000
شرق الرياض,95000,74550
شرق الرياض,95000,75000
شرق الرياض,75000,75000
شرق الرياض,60000,75000
شرق الرياض,100000,75000
شرق الرياض,95000,74750
شرق الرياض,50000,75250
شرق الرياض,73000,75000
شرق الرياض,84000,75000
شرق الرياض,40000,74750
شرق الرياض,88000,74750
شرق الرياض,128500,105000
شرق الرياض,50000,90000
شرق الرياض,95000,74550
شرق الرياض,90000,75000
شرق الرياض,89000,72137
شرق الرياض,88000,68129
شرق الرياض,90000,75000
شرق الرياض,85000,75250
شرق الرياض,95000,75250
شرق الرياض,75000,75250
طريق الخرج,110000,59990
طويق,200000,40000
طويق,300000,40000
طويق,500000,40000
طويق,100000,40000
طويق,360000,40000
طويق,292000,40000
طويق,320000,40000
طويق,540000,40000
طويق,492722,20000
طويق,520000,40000
طويق,900000,75000
طويق,1114162,50000
طويق,290000,74839
طويق,1080000,90000
طويق,1080000,90000
طويق,1080000,90000
طويق,1080000,90000
طويق,1080000,88875
طويق,729000,54000
طويق,1511198,37500
طويق,611957,49500
طويق,1125000,75000
طويق,1125000,75000
طويق,550000,75000
طويق,680000,45000
طويق,615000,45000
طويق,500000,37500
طويق,496800,36000
طويق,953564,42000
طويق,319245,42000
طويق,975000,75000
طويق,1080000,72000
طويق,1249790,54000
طويق,702055,45000
طويق,1372892,37500
طويق,310000,42000
طويق,335000,42000
طويق,84000671,45000
طويق,706500,45000
طويق,706500,45000
طويق,450000,31250
طويق,450000,31250
طويق,652427,45000
طويق,1280000,30750
طويق,644657,45000
طويق,858000,25932
طويق,900000,30000
طويق,840854,44000
طويق,967000,30000
طويق,777732,36000
طيبة,340650,34065
طيبة,350840,35084
طيبة,396820,39682
طيبة,10347383,1137075
طيبة,3208884,305608
طيبة,2610564,303554
عريض,110000,40000
عريض,115000,40000
عريض,136000,40000
عريض,120000,40000
عريض,160000,40000
عريض,155000,40000
عريض,160000,40000
عريض,182000,40000
عريض,200000,50000
عريض,160000,40000
عريض,180000,40000
عريض,150000,40000
عريض,175000,40000
عريض,60000,40000
عريض,130000,40000
عريض,185000,40000
عريض,270000,40000
عريض,150000,40000
عريض,100000,40000
عريض,200000,40000
عريض,100000,75000
عريض,190000,50000
عريض,50000,62500
عريض,125000,40000
عريض,30000,50000
عريض,100000,50000
عريض,100000,40000
عريض,100000,62500
عريض,280000,62500
عريض,150000,40000
عريض,170000,40000
عريض,110000,55550
عريض,80000,40000
عريض,125000,40000
عريض,170000,40000
عريض,128000,40000
عريض,150000,40000
عريض,150000,40000
عريض,300000,75000
عريض,310000,105000
عريض,280000,62500
عريض,300000,90000
عريض,175000,90000
عريض,200000,90000
عريض,300000,75000
عريض,200000,45000
عريض,100000,45000
عريض,130000,45000
عريض,160000,45000
عريض,200000,45000
عريض,300000,75000
عريض,310000,75000
عريض,280000,75000
عريض,245000,75000
عريض,120000,75000
عريض,135000,31250
عريض,370000,90000
عريض,200000,52500
عريض,200000,52500
عريض,50000,62500
عريض,50000,62500
عريض,80000,75000
عريض,280000,75000
عريض,250000,62500
عريض,185000,43750
عريض,185000,43750
عريض,290000,75000
عريض,190000,52500
عريض,180000,52500
عريض,340000,90000
عريض,150000,75000
عريض,500000,105000
عريض,500000,90000
عريض,500000,90000
عريض,138000,31250
عريض,200000,50000
عريض,320000,62500
عريض,330000,62500
عريض,160000,31250
عريض,215000,45000
عريض,390000,90000
عريض,100000,75000
عريض,200000,75000
عريض,140000,31250
عريض,100000,31250
عريض,100000,31250
عريض,100000,62500
عريض,310000,62500
عريض,300000,62500
عريض,210000,62500
عريض,215000,62500
عريض,270000,62500
عريض,130000,31250
عريض,126000,45000
عريض,200000,31250
عريض,270000,62500
عريض,160000,62500
عريض,207500,45000
عريض,207500,45000
عريض,207500,45000
عريض,207500,45000
عريض,200000,45000
عريض,180000,62500
عريض,100000,62500
عريض,290000,62500
عريض,350000,75000
عريض,300000,75000
عريض,150000,45000
عريض,150000,45000
عريض,155000,45000
عريض,280000,50000
عريض,320000,50000
عريض,278261,50000
عريض,300000,50000
عريض,250000,50000
عريض,300000,50000
عريض,300000,50000
عريض,240000,50000
عريض,250000,50000
عريض,300000,50000
عريض,100000,50000
عريض,285000,50000
عريض,50000,50000
عريض,222500,50000
عريض,217500,50000
عريض,50000,31250
عريض,180000,31250
عريض,255000,50000
عريض,285000,50000
عريض,285000,50000
عريض,250000,50000
عريض,150000,50000
عريض,205000,50000
عريض,262000,50000
عريض,166000,50000
عريض,242858,50000
عريض,240000,50000
عريض,200000,50000
عريض,270000,50000
عريض,170000,40000
عريض,100000,40000
عريض,165000,40000
عريض,185000,40000
عريض,120000,40000
عريض,195000,40000
عريض,200000,39219
عريض,170000,40000
عريض,180000,40000
عريض,170000,39170
عريض,190000,42514
عريض,160000,40000
عريض,100000,40000
عريض,169000,40000
عريض,67000,40000
عريض,160000,40000
عريض,170000,40000
عريض,100000,40000
عريض,99000,39468
عريض,50000,40000
عريض,100000,40000
عريض,130000,40000
عريض,200000,40000
عريض,100000,40000
عريض,100000,40000
عريض,195000,49500
عريض,245000,49500
عريض,790000,40500
عريض,200000,40500
عريض,220000,40500
عريض,230000,43200
عريض,100000,43200
عريض,260000,45000
عريض,222000,40500
عريض,100000,40500
عريض,200000,45000
عريض,200000,53250
عريض,200000,45000
عريض,220000,40500
عريض,215000,40500
عريض,220000,45000
عريض,240000,45000
عريض,200000,43200
عريض,215000,43200
عريض,70000,40500
عريض,145000,40500
عريض,235000,51750
عريض,200000,44400
عريض,100000,40500
عريض,200000,40500
عريض,100000,40500
عريض,100000,40500
عريض,170000,40500
عريض,180000,52650
عريض,127000,40500
عريض,200000,43200
عريض,220000,43200
عريض,185000,45000
عريض,220000,45000
عريض,200000,40500
عريض,180000,49500
عريض,200000,40500
عريض,90000,40500
عريض,200000,40500
عريض,200000,40500
عريض,280000,51750
عريض,150000,51750
عريض,230000,43200
عريض,200000,43200
عريض,250000,43200
عريض,100000,40500
عريض,100000,40500
عريض,130000,24000
عريض,130000,24000
عريض,190000,40500
عريض,100000,40500
عريض,215000,40500
عريض,150000,40500
عريض,280000,48000
عريض,220000,51750
عريض,233000,45000
عريض,250000,43200
عريض,250000,43200
عريض,210000,40500
عريض,251000,51750
عريض,200000,40500
عريض,200000,52650
عريض,215000,43200
عريض,200000,43200
عريض,186957,45000
عريض,200000,78000
عريض,200000,45000
عريض,250000,45000
عريض,250000,45000
عريض,190000,40500
عريض,220000,40500
عريض,200000,51000
عريض,180000,40500
عريض,180000,40500
عريض,160000,31200
عريض,215000,45000
عريض,100000,43200
عريض,200000,45000
عريض,230000,40500
عريض,235000,40500
عريض,80000,48000
عريض,320000,48000
عريض,250000,48000
عريض,230000,45000
عريض,70000,40500
عريض,200000,40500
عريض,180000,43200
عريض,230000,43200
عريض,250000,43200
عريض,153000,45000
عريض,280000,48000
عريض,60000,40500
عريض,180000,40500
عريض,200000,40500
عريض,230000,43200
عريض,360000,51000
عريض,200000,43200
عريض,220000,40500
عريض,100000,40500
عريض,235000,45000
عريض,100000,43200
عريض,375000,78100
عريض,190000,43200
عريض,210000,43200
عريض,217000,43200
عريض,100000,51750
عريض,100000,51750
عريض,200000,40500
عريض,218570,40500
عريض,40000,40500
عريض,200000,40500
عريض,183000,40500
عريض,90000,40500
عريض,100000,40500
عريض,250000,51600
عريض,250000,51600
عريض,90000,51750
عريض,150000,51750
عريض,265000,51750
عريض,195000,48000
عريض,750000,40500
عريض,100000,45000
عريض,190000,45000
عريض,250000,45000
عريض,200000,45000
عريض,100000,44725
عريض,220000,45000
عريض,120000,45000
عريض,200000,45000
عريض,220000,44575
عريض,50000,40274
عريض,185000,45000
عريض,220000,45000
عريض,100000,45000
عريض,100000,45000
عريض,105000,45000
عريض,200000,42525
عريض,219050,45000
عريض,100000,45000
عريض,100000,45000
عريض,210000,45000
عريض,215000,45000
عريض,200000,45000
عريض,225000,45000
عريض,190000,45000
عريض,230000,45000
عريض,100000,45000
عريض,210000,45000
عريض,225000,45000
عريض,55000,45000
عريض,220000,45000
عريض,200000,45000
عريض,175000,45000
عريض,170000,45000
عريض,190000,45000
عريض,166000,45000
عريض,170000,45000
عريض,80000,45000
عريض,180000,45000
عريض,180000,45000
عريض,100000,45000
عريض,100000,45000
عريض,195000,45000
عريض,100000,45000
عريض,110000,45000
عريض,165000,45000
عريض,165000,45000
عريض,172000,45000
عريض,161000,45000
عريض,20000,45000
عريض,100000,45000
عريض,200000,45000
عريض,260000,45000
عريض,100000,45000
عريض,200000,45000
عريض,225000,45000
عريض,135000,45000
عريض,230000,45000
عريض,180000,45000
عريض,225000,45000
عريض,220000,45000
عريض,30000,45000
عريض,190000,45000
عريض,200000,45000
عريض,100000,45000
عريض,110000,45000
عريض,170000,43380
عريض,85000,45000
عريض,240000,45000
عريض,220000,47850
عريض,210000,45000
عريض,180000,45000
عريض,170000,45000
عريض,215000,45000
عريض,100000,47500
عريض,215000,45000
عريض,231000,45000
عريض,250000,45000
عريض,230000,45000
عريض,110000,45000
عريض,220000,45000
عريض,200000,45000
عريض,170000,45000
عريض,100000,45000
عريض,160000,45000
عريض,100000,45000
عريض,190000,47500
عريض,200000,48024
عريض,240000,48024
عريض,170000,45000
عريض,185000,45000
عريض,180000,45000
عريض,200000,45000
عريض,225000,45000
عريض,200000,45000
عريض,100000,21600
عريض,100000,21600
عريض,80000,42432
عريض,200000,45000
عريض,200000,45000
عريض,175500,45000
عريض,200000,45000
عريض,201000,45000
عريض,200000,45000
عريض,200000,45000
عريض,210000,45000
عريض,50000,45000
عريض,155000,45000
عريض,210000,45000
عريض,145000,45000
عريض,105000,45000
عريض,190000,45000
عريض,215000,45000
عريض,100000,45000
عريض,50000,45000
عريض,150000,43475
عريض,65000,42500
عريض,165000,40000
عريض,145000,40000
عريض,80000,40000
عريض,100000,40000
عريض,170000,45000
عريض,150000,40000
عريض,135000,40000
عريض,100000,40000
عريض,120000,40000
عريض,117000,40000
عريض,150000,40000
عريض,280000,90000
عريض,180000,45625
عريض,150000,45000
عريض,120000,45000
عريض,170000,45000
عريض,100000,45000
عريض,95000,40050
عريض,120000,40050
عريض,120000,40050
عريض,75000,32520
عريض,75000,32520
عريض,90000,40200
عريض,70000,20625
عريض,100000,40500
عريض,130000,40500
عريض,60000,40500
عريض,130000,40020
عريض,105000,40000
عريض,120000,40050
عريض,70000,40000
عريض,115000,40000
عريض,100000,40800
عريض,30000,41400
عريض,70000,41400
عريض,30000,41400
عريض,90000,25945
عريض,80000,51142
عريض,50000,51142
عريض,126000,35183
عريض,130000,41400
عريض,130000,41400
عريض,100000,41400
عريض,150000,41400
عريض,210000,60000
عريض,100000,41400
عريض,90000,26161
عريض,150000,54000
عريض,60000,54000
عريض,50000,26795
عريض,130000,41400
عريض,181000,41400
عريض,75000,41400
عريض,160000,41400
عريض,30000,41400
عريض,300000,90000
عريض,100000,30000
عريض,300000,90000
عريض,135000,46500
عريض,104762,30000
عريض,100000,45000
عريض,80000,44250
عريض,200000,90000
عريض,150000,45000
عريض,150000,45000
عريض,107000,45000
عريض,100000,45000
عريض,215000,91800
عريض,80000,45000
عريض,110000,45000
عريض,125000,45500
عريض,125000,45500
عريض,55000,40000
عريض,100000,43750
عريض,120000,43750
عريض,115000,40000
عريض,130000,40000
عريض,128000,42500
عريض,110000,40000
عريض,70000,40000
عريض,110000,40000
عريض,95000,40000
عريض,50000,22500
عريض,105000,42500
عريض,125000,42500
عريض,100000,40000
عريض,100000,40000
عريض,90000,40000
عريض,110000,40000
عريض,125000,59600
عريض,90000,40000
عريض,90000,40000
عريض,130000,32500
عريض,100000,108000
عريض,102000,108000
عريض,100000,46800
عريض,350000,90000
عريض,150000,46800
عريض,200000,45000
عريض,200000,45000
عريض,167000,45000
عريض,195000,55800
عريض,130000,45000
عريض,165000,45000
عريض,150000,45000
عريض,150000,45000
عريض,160000,45000
عريض,50000,45000
عريض,50000,45000
عريض,120000,45000
عريض,60000,45000
عريض,160000,45000
عريض,381000,90000
عريض,170000,48600
عريض,200000,48600
عريض,170000,46261
عريض,100000,45000
عريض,160000,46800
عريض,150000,40700
عريض,176190,40700
عريض,100000,42000
عريض,170000,45000
عريض,165000,48050
عريض,165000,48050
عريض,233300,90000
عريض,233300,90000
عريض,186000,90000
عريض,100000,45000
عريض,195000,45000
عكاظ,467187,40625
عكاظ,485875,42250
عكاظ,741528,61794
عكاظ,447000,38041
عكاظ,443940,42280
عكاظ,452844,43128
عكاظ,461748,43976
عكاظ,458462,44728
عكاظ,469142,45770
عكاظ,476727,46520
عكاظ,485501,47366
عكاظ,494194,48214
عكاظ,746900,67900
عكاظ,414000,36000
عكاظ,414000,36000
عكاظ,423000,36000
عكاظ,423000,36000
عكاظ,414000,36000
عكاظ,414000,36000
عكاظ,423000,36000
عكاظ,423000,36000
عكاظ,414000,36000
عكاظ,414000,36000
عكاظ,423000,36000
عكاظ,423000,36000
عكاظ,414000,36000
عكاظ,414000,36000
عكاظ,423000,36000
عكاظ,414000,36000
عكاظ,414000,36000
عكاظ,432000,36000
عكاظ,414000,36000
عكاظ,504000,42000
عكاظ,315000,26250
عكاظ,720000,60000
عكاظ,720000,60000
عكاظ,720000,60000
عكاظ,720000,60000
عكاظ,720000,60000
عكاظ,708000,60000
عكاظ,720000,60000
عكاظ,1046843,110194
عكاظ,1085983,114314
عكاظ,1085993,114315
عكاظ,946903,96974
عكاظ,831250,87500
عكاظ,831250,87500
عكاظ,5802600,959811
عكاظ,630000,52500
عكاظ,7013423,738255
عكاظ,850000,25910
عكاظ,300000,40200
عكاظ,582000,39000
عكاظ,681445,80170
عكاظ,631667,37710
عكاظ,214511,37740
غبيراء,355000,45000
غبيراء,70000,19245
غبيراء,300000,14700
غبيراء,150000,20000
غرناطة,991300,45500
غرناطة,443250,29400
غرناطة,494446,40500
غرناطة,3712500,165000
غرناطة,3625000,120000
غرناطة,885400,33600
غرناطة,1100020,29348
قرطبة,168911,36250
قرطبة,996961,31250
قرطبة,843750,31250
قرطبة,1590000,29900
قرطبة,866803,42000
قرطبة,590594,50000
قرطبة,2300000,60000
قرطبة,1021916,30000
قرطبة,990000,45000
قرطبة,1585744,53480
قرطبة,1200000,52000
قرطبة,1215733,48600
قرطبة,166773,27550
قرطبة,451359,27550
قرطبة,715481,36000
لبن,4500000,525000
لبن,1600000,41580
لبن,238000,30000
لبن,1500000,90000
لبن,1150000,45000
لبن,1000000,63000
لبن,1460000,90000
لبن,1520000,40000
لبن,880000,40000
لبن,880000,40000
لبن,1560175,90000
لبن,1219525,80850
لبن,990000,25000
لبن,900000,45000
لبن,800000,30000
لبن,1000000,90000
لبن,696559,45000
لبن,592202,90000
لبن,161000,45000
لبن,1055000,90000
لبن,548525,50000
لبن,302554,45000
لبن,350000,44500
لبن,2331229,45000
لبن,690000,40000
لبن,788584,45000
لبن,850000,30000
لبن,780000,51000
لبن,1100000,43750
لبن,1200000,90000
لبن,848324,25200
لبن,650000,36000
لبن,1000000,50000
لبن,2500000,90000
لبن,20000,2917
لبن,2253438,45000
لبن,1050000,45000
لبن,563415,46350
لبن,2909000,90000
لبن,750000,88490
لبن,600000,50000
لبن,1235000,90000
لبن,1100000,90000
لبن,1150000,90000
لبن,580000,45000
لبن,1400000,90000
مطار الملك خالد الدو…,580000,40000
معكال,400000,15767
منفوحة,315000,23562
منفوحة,320000,21750
منفوحة,280000,40000
منفوحة,240000,40000
منفوحة,280000,40000
منفوحة,194412,32402
منفوحة,214866,35811
منفوحة,300000,12043
منفوحة,110000,11664
منفوحة,200000,9000
منفوحة,90000,11523
منفوحة,60000,15052
منفوحة,80000,7800
منفوحة,25000,8578
منفوحة,65000,5640
نمار,850000,141000
نمار,660000,66000
نمار,800000,20000
نمار,300000,45000
نمار,607500,45000
نمار,607500,45000
نمار,500000,39000
نمار,1350000,90000
نمار,850000,50000
نمار,494661,45000
نمار,1440000,90000
نمار,10287765,42228
نمار,1000000,90000
نمار,1000000,105000
نمار,1176000,84000
نمار,1330000,40000
نمار,590000,45000
نمار,875000,40000
نمار,1125000,90000
نمار,675000,45000
نمار,1250000,90000
نمار,1400000,100000
نمار,350000,75000
نمار,200000,56700
نمار,1350000,90000
نمار,500000,90000
نمار,402500,35000
نمار,460000,40000
نمار,435000,32550
نمار,1000000,218293
نمار,950000,81400
نمار,1450000,40000
نمار,100000,50000
نمار,900000,75000
نمار,500000,75000
نمار,200000,37500
نمار,200000,37500
نمار,315000,39550
نمار,315000,35000
نمار,535000,75000
نمار,250000,37500
نمار,309000,37500
نمار,250000,37500
نمار,310000,37500
نمار,350000,75000
نمار,571500,75000
نمار,360000,75000
نمار,250000,75000
نمار,350000,75000
نمار,340000,50010
نمار,670000,75000
نمار,830000,241635
نمار,475000,60000
نمار,300000,75000
نمار,490000,75000
نمار,300000,75000
نمار,500000,75000
نمار,100000,37500
نمار,100000,37500
نمار,400000,75000
نمار,200000,37500
نمار,200000,37500
نمار,200000,37500
نمار,300000,37500
نمار,30000,99675
نمار,430000,99000
نمار,370000,229500
نمار,100000,97538
نمار,400000,106250
نمار,900000,207000
نمار,900000,207000
نمار,570000,125775
نمار,50000,33280
نمار,100000,85000
نمار,800000,190102
نمار,400000,239400
نمار,100000,218385
نمار,347826,50724
نمار,350000,47906
نمار,380950,76500
نمار,350000,50724
نمار,360870,50868
نمار,300000,218404
نمار,350000,218404
نمار,370000,218404
نمار,300000,63750
نمار,300000,63750
نمار,300000,63750
نمار,390000,63750
نمار,1000000,225250
نمار,1285700,225250
نمار,1000000,225450
نمار,200000,106250
نمار,500000,215830
نمار,500000,215830
نمار,500000,220500
نمار,500000,220500
نمار,350000,217260
نمار,1000000,212500
نمار,552380,75000
نمار,500000,75000
نمار,320000,75000
نمار,130000,37500
نمار,350000,75000
نمار,350000,75000
نمار,235000,87500
نمار,280000,37500
نمار,300000,60000
نمار,350000,50000
نمار,400000,75000
نمار,235000,75000
نمار,370000,75000
نمار,250000,37500
نمار,250000,37500
نمار,570000,75000
نمار,520000,75000
نمار,437500,75000
نمار,450000,75000
نمار,545000,75000
نمار,600000,75000
نمار,100000,37500
نمار,150000,37500
نمار,100000,37500
نمار,150000,37500
نمار,500000,75000
نمار,700000,240000
نمار,1090000,203715
نمار,350000,51000
نمار,760000,224500
نمار,450000,62500
نمار,395000,76500
نمار,1200000,300960
نمار,900000,225000
نمار,390000,67500
نمار,250000,93600
نمار,370000,93600
نمار,300000,93600
نمار,320000,93600
نمار,500000,90000
نمار,220000,31250
نمار,525000,90600
نمار,550000,93600
نمار,350000,86400
نمار,245000,45000
نمار,250000,45000
نمار,250000,45000
نمار,476250,117282
نمار,400000,90000
نمار,374000,93600
نمار,476500,86400
نمار,260000,45000
نمار,230000,86400
نمار,800000,220500
نمار,125000,55125
نمار,600000,85150
نمار,330000,41572
نمار,340000,81550
نمار,145000,82800
نمار,500000,82800
نمار,360000,41950
نمار,365000,41950
نمار,250000,43200
نمار,50000,45000
نمار,500000,90000
نمار,300000,82800
نمار,450000,90000
نمار,855000,225000
نمار,350000,86004
نمار,460000,75600
نمار,366000,82800
نمار,500000,75000
نمار,210000,75000
نمار,600000,75000
نمار,600000,240931
نمار,600000,214912
نمار,600000,203514
نمار,478874,75000
نمار,500000,75000
نمار,521127,75000
نمار,180000,75000
نمار,200000,37500
نمار,200000,37050
نمار,370000,39550
نمار,600000,87500
نمار,400000,75000
نمار,370000,75000
نمار,600000,75000
نمار,50000,75000
نمار,100000,37500
نمار,100000,37500
نمار,300000,37500
نمار,550000,75000
نمار,300000,75000
نمار,608695,87500
نمار,809500,87500
نمار,330000,87500
نمار,300000,43750
نمار,300000,43750
نمار,300000,43750
نمار,415000,75000
نمار,415000,75000
نمار,600000,87500
نمار,347826,50250
نمار,375000,79920
نمار,475000,90000
نمار,444000,87840
نمار,200000,89928
نمار,650000,86338
نمار,343000,41688
نمار,350000,90000
نمار,300000,93600
نمار,400000,95400
نمار,650000,90000
نمار,340000,43200
نمار,400000,97300
نمار,300000,90300
نمار,470000,88560
نمار,400000,87700
نمار,185000,78192
نمار,300000,44136
نمار,220000,43560
نمار,451250,86362
نمار,270000,41670
نمار,200000,45000
نمار,240000,45000
نمار,360000,90000
نمار,240000,81000
نمار,150000,43740
نمار,100000,43740
نمار,370000,83520
نمار,400000,83520
نمار,350000,47700
نمار,300000,50040
نمار,200000,141000
نمار,300000,90000
نمار,200000,64800
نمار,370000,61200
نمار,370000,61200
نمار,400000,84000
نمار,400000,84816
نمار,500000,90000
نمار,365000,84600
نمار,350000,91800
نمار,50000,45000
نمار,310000,45000
نمار,200000,90000
نمار,200000,45000
نمار,350000,40000
نمار,250000,80000
نمار,370000,67933
نمار,500000,79178
نمار,1800000,270000
نمار,400000,200000
نمار,800000,200000
نمار,90000,45000
نمار,200000,90000
نمار,200000,45872
نمار,667000,90000
نمار,300000,90000
نمار,600000,90000
نمار,600000,82800
نمار,300000,45550
نمار,600000,93600
نمار,90000,90000
نمار,420000,90000
نمار,400000,90000
نمار,300000,93600
نمار,600000,87500
نمار,90000,90000
نمار,30000,90000
نمار,300000,95950
نمار,310000,95950
نمار,260000,45000
نمار,260000,45000
نمار,250000,46800
نمار,325000,46800
نمار,360000,90000
نمار,200000,90000
نمار,400000,90000
نمار,290000,43750
نمار,600000,90000
نمار,75000,97993
نمار,360000,45000
نمار,330000,90000
نمار,400000,91800
نمار,370000,91800
نمار,320000,50400
نمار,100000,47520
نمار,300000,90000
نمار,310000,90000
نمار,360000,45432
نمار,600000,95400
نمار,643480,95400
نمار,70000,86280
نمار,240000,37500
نمار,200000,37500
نمار,350000,90000
نمار,600000,86400
نمار,870000,93600
نمار,340000,45000
نمار,345000,86400
نمار,400000,45000
نمار,300000,90000
نمار,350000,88550
نمار,562500,86400
نمار,562500,86400
نمار,750000,92350
نمار,370000,45000
نمار,700000,92350
نمار,680000,90000
نمار,365000,45000
نمار,200000,45000
نمار,250000,39600
نمار,650000,90000
نمار,300000,50400
نمار,370000,67150
نمار,350000,60000
نمار,100000,90000
نمار,265000,90000
نمار,335000,46800
نمار,350000,46000
نمار,90000,43200
نمار,290000,43200
نمار,300000,97200
نمار,315200,39399
نمار,500000,50000
نمار,655000,50000
نمار,750000,50000
نمار,715573,42000
نمار,715573,42000
نمار,900000,36000
نمار,1182410,40352
نمار,630000,37617
نمار,340000,63757
نمار,7000000,182000
نمار,13000000,290500
