أحد,300000,37500
أحد,600000,42000
اشبيليا,1900000,31250
اشبيليا,890000,40500
اشبيليا,1550696,60000
اشبيليا,950000,43200
اشبيليا,2200000,60000
اشبيليا,2154703,70646
اشبيليا,2170685,71170
اشبيليا,2187918,71735
اشبيليا,2204479,72278
اشبيليا,2263802,74223
اشبيليا,1650000,41600
اشبيليا,1270000,50000
اشبيليا,833030,27500
اشبيليا,900000,40000
اشبيليا,778750,27813
اشبيليا,778750,27813
اشبيليا,1415895,55000
اشبيليا,10000,50000
اشبيليا,2050000,36000
الامانة,2856000,95200
الامانة,1764000,50400
الامانة,1062500,42500
الاندلس,1575000,75000
الاندلس,1575000,75000
الاندلس,1700000,75000
الاندلس,1450000,52500
الاندلس,99000,90000
الاندلس,1750000,62100
الاندلس,1400000,48400
الاندلس,928000,40452
الاندلس,510000,26000
البديعة,1630000,112500
البديعة,700000,55200
البديعة,10000,67500
البديعة,730000,50000
البديعة,800000,35100
البديعة,400000,46000
البديعة,850000,65000
البديعة,518700,29640
البديعة,1100000,57500
البديعة,1180000,55517
البديعة,110000,16826
البديعة,100000,14617
البيان,450000,37500
البيان,835625,41250
البيان,558400,27921
البيان,800000,75000
البيان,400000,38751
التعاون,2100000,60000
التعاون,700000,33350
التعاون,2700000,36600
الجبس,240000,56204
الجبس,140000,41328
الجرادية,350000,12625
الجزيرة,300000,48400
الجزيرة,300000,48400
الجزيرة,300000,48400
الجزيرة,300000,48400
الجزيرة,300000,48400
الجزيرة,1125000,72000
الجنادرية,671000,38400
الجنادرية,2400000,74200
الجنادرية,240000,37500
الجنادرية,240000,37500
الجنادرية,240000,37500
الجنادرية,240000,37500
الجنادرية,240000,37500
الجنادرية,240000,37500
الجنادرية,240000,37500
الجنادرية,240000,37500
الجنادرية,240000,37500
الجنادرية,240000,37500
الجنادرية,240000,37500
الجنادرية,240000,37500
الجنادرية,240000,37500
الجنادرية,240000,37500
الجنادرية,240000,37500
الجنادرية,240000,37500
الجنادرية,240000,37500
الجنادرية,240000,37500
الجنادرية,240000,37500
الجنادرية,240000,37500
الجنادرية,240000,37500
الجنادرية,240000,37500
الجنادرية,240000,37500
الجنادرية,240000,37500
الجنادرية,240000,37500
الجنادرية,240000,37500
الجنادرية,240000,37500
الجنادرية,240000,37500
الجنادرية,240000,37500
الجنادرية,240000,37500
الجنادرية,240000,37500
الجنادرية,240000,37500
الجنادرية,240000,37500
الجنادرية,240000,37500
الجنادرية,240000,37500
الجنادرية,240000,37500
الجنادرية,240000,37500
الجنادرية,240000,37500
الجنادرية,240000,37500
الجنادرية,240000,37500
الجنادرية,240000,37500
الجنادرية,240000,37500
الجنادرية,240000,37500
الجنادرية,240000,37500
الجنادرية,240000,37500
الجنادرية,240000,37500
الجنادرية,240000,37500
الجنادرية,240000,37500
الجنادرية,240000,37500
الجنادرية,240000,37500
الجنادرية,240000,37500
الجنادرية,240000,37500
الجنادرية,240000,37500
الجنادرية,240000,37500
الجنادرية,240000,37500
الجنادرية,240000,37500
الجنادرية,240000,37500
الجنادرية,240000,37500
الجنادرية,240000,37500
الجنادرية,240000,37500
الجنادرية,240000,37500
الجنادرية,240000,37500
الجنادرية,240000,37500
الجنادرية,240000,37500
الجنادرية,240000,37500
الجنادرية,240000,37500
الجنادرية,240000,37500
الجنادرية,240000,37500
الجنادرية,240000,37500
الجنادرية,487500,37500
الجنادرية,487500,37500
الجنادرية,487500,37500
الجنادرية,487500,37500
الجنادرية,487500,37500
الجنادرية,487500,37500
الجنادرية,487500,37500
الجنادرية,487500,37500
الجنادرية,487500,37500
الجنادرية,450000,37500
الجنادرية,487500,37500
الجنادرية,240000,37500
الجنادرية,487500,37500
الجنادرية,487500,37500
الجنادرية,487500,37500
الجنادرية,487500,37500
الجنادرية,487500,37500
الجنادرية,450000,37500
الجنادرية,487500,37500
الجنادرية,525000,37500
الجنادرية,525000,37500
الجنادرية,240000,37500
الجنادرية,240000,37500
الجنادرية,240000,37500
الجنادرية,240000,37500
الجنادرية,240000,37500
الجنادرية,240000,37500
الجنادرية,240000,37500
الجنادرية,240000,37500
الجنادرية,431250,37500
الجنادرية,412500,37500
الجنادرية,412500,37500
الجنادرية,487500,37500
الجنادرية,487500,37500
الجنادرية,581250,37500
الجنادرية,421785,40170
الجنادرية,466866,38906
الجنادرية,412500,37500
الجنادرية,431250,37500
الجنادرية,412500,37500
الجنادرية,393750,37500
الجنادرية,393750,37500
الجنادرية,393750,37500
الجنادرية,393750,37500
الجنادرية,393750,37500
الجنادرية,393750,37500
الجنادرية,393750,37500
الجنادرية,393750,37500
الجنادرية,393750,37500
الجنادرية,393750,37500
الجنادرية,393750,37500
الجنادرية,393750,37500
الجنادرية,393750,37500
الجنادرية,393750,37500
الجنادرية,393750,37500
الجنادرية,393750,37500
الجنادرية,356250,37500
الجنادرية,412500,37500
الجنادرية,412500,37500
الجنادرية,412500,37500
الجنادرية,400890,38180
الجنادرية,623424,30560
الجنادرية,623098,30544
الجنادرية,293340,29334
الحائر,20000,50600
الحائر,135000,50600
الحائر,30000,50600
الحائر,165000,50600
الحائر,50000,88000
الحزم,600000,37500
الحزم,806600,26250
الحزم,1012000,32500
الحزم,1300000,37500
الحزم,581250,37500
الحزم,581250,37500
الحزم,100000,32400
الحزم,900000,19441
الحزم,480000,30000
الحزم,480000,30002
الحمراء,3300000,150000
الحمراء,1000000,112500
الحمراء,4050000,58050
الخالدية,640000,25000
الخالدية,100000,16000
الخالدية,90000,9000
الخزامى,8069980,396840
الخزامى,5000000,660000
الخليج,632900,75000
الخليج,1300000,62500
الخليج,1350000,52500
الخليج,1008000,42000
الخليج,881250,37500
الخليج,881250,37500
الخليج,881250,37500
الخليج,881250,37500
الخليج,881250,37500
الخليج,881250,37500
الخليج,881250,37500
الخليج,881250,37500
الخليج,1069250,45500
الخليج,881250,37500
الخليج,1200000,33750
الخير,720000,80000
الخير,870000,84000
الخير,1000000,84000
الخير,930000,84000
الخير,1800000,80000
الخير,100000,84000
الخير,1005000,84000
الخير,1050000,84000
الخير,1050000,84000
الخير,1200000,93750
الخير,1200000,93750
الخير,1200000,93750
الخير,1200000,93750
الخير,800000,51050
الخير,800000,37620
الخير,675000,32339
الخير,675000,53991
الخير,525000,42000
الخير,525000,42000
الخير,1200000,97500
الخير,575000,48750
الخير,575000,46875
الخير,1300000,87500
الخير,600000,45500
الخير,1100000,91000
الخير,580000,43750
الخير,450000,43750
الخير,1400000,91000
الخير,900000,75000
الخير,570000,46875
الخير,1200000,87500
الخير,650000,51100
الخير,1250000,100316
الخير,1150000,79908
الخير,550000,42000
الخير,555000,42000
الخير,1400000,83980
الخير,1200000,77350
الخير,650000,48750
الخير,600000,45500
الخير,1050000,87476
الخير,1050000,84000
الخير,1050000,83973
الخير,1100000,87500
الخير,1100000,87500
الخير,1100000,87500
الخير,1100000,87500
الخير,1100000,87500
الخير,1100000,87500
الخير,1100000,87500
الخير,1100000,87500
الخير,1100000,87500
الخير,1100000,87500
الخير,1100000,87500
الخير,1100000,87500
الخير,1100000,87500
الخير,1100000,87500
الخير,600000,42000
الخير,490000,42000
الخير,500000,43750
الخير,515000,43750
الخير,525000,43750
الخير,600000,93750
الخير,565000,43750
الخير,565000,43750
الخير,700000,52500
الخير,480000,42000
الخير,485000,42000
الخير,710000,56541
الخير,1100000,93750
الخير,500000,43750
الخير,520000,43750
الخير,800000,62500
الخير,350000,31250
الخير,350000,31250
الخير,450000,31250
الخير,460000,32500
الخير,500000,43750
الخير,1000000,87500
الخير,800000,73500
الخير,600000,52500
الخير,1200000,87508
الخير,1150000,98466
الخير,530000,43750
الخير,1300000,87500
الخير,1000000,87500
الخير,520000,42000
الخير,800000,84000
الخير,510000,42000
الخير,520000,42000
الخير,520000,45500
الخير,139239,94275
الخير,580000,48750
الخير,1080000,97500
الخير,740000,59500
الخير,1090000,87500
الخير,400000,43079
الخير,550000,45000
الخير,550000,45000
الخير,400000,40500
الخير,250000,39767
الخير,250000,39767
الخير,450000,38238
الخير,430000,38238
الخير,1050000,94500
الخير,1050000,87500
الخير,500000,45500
الخير,450000,42000
الخير,515000,42000
الخير,800000,84000
الخير,1000000,87500
الخير,950000,87500
الخير,515000,45500
الخير,200000,45500
الخير,500000,45500
الخير,500000,45500
الخير,500000,45500
الخير,550000,45500
الخير,1000000,100000
الخير,1350000,93750
الخير,410000,39000
الخير,410000,39000
الخير,410000,39000
الخير,800000,75000
الخير,800000,75000
الخير,800000,75000
الخير,400000,70500
الخير,390000,39150
الخير,390000,39150
الخير,585000,71050
الخير,820000,82033
الخير,800000,76879
الخير,340000,30000
الخير,395000,37500
الخير,410000,39000
الخير,370000,40425
الخير,370000,40425
الخير,410000,41600
الخير,700000,76944
الخير,700000,84000
الخير,535000,49375
الخير,310000,29058
الخير,375000,36322
الخير,540000,46009
الخير,365000,41075
الخير,600000,76500
الخير,380000,40425
الخير,700000,85800
الخير,700000,85800
الخير,550000,72000
الخير,700000,72000
الخير,550000,72000
الخير,550000,72000
الخير,630000,70900
الخير,650000,70050
الخير,380000,37500
الخير,380000,37500
الخير,400000,37350
الخير,380000,37500
الخير,380000,37500
الخير,730000,75000
الخير,430000,40436
الخير,390000,39375
الخير,390000,39375
الخير,200000,75000
الخير,280000,28000
الخير,280000,36750
الخير,552000,73600
الخير,605000,80000
الخير,600000,83200
الخير,690000,83200
الخير,600000,79801
الخير,515000,72000
الخير,700000,75000
الخير,400000,40625
الخير,440000,40625
الخير,350000,40625
الخير,470000,40625
الخير,1400000,118853
الخير,340000,59995
الخير,500000,77501
الخير,500000,77511
الخير,350000,43200
الخير,330000,37200
الخير,299000,37200
الخير,500000,72850
الخير,330000,40300
الخير,300000,42000
الخير,300000,42000
الخير,300000,43750
الخير,300000,43750
الخير,300000,43750
الخير,370000,43750
الخير,370000,43750
الخير,545000,75000
الخير,525000,75000
الخير,200000,75000
الخير,280000,27816
الخير,750000,75000
الخير,665000,75000
الخير,665000,75000
الخير,365000,38250
الخير,710000,78000
الخير,340000,39000
الخير,710000,78000
الخير,510000,56000
الخير,600000,75000
الخير,400000,42500
الخير,350000,42500
الخير,540000,84000
الخير,670000,84000
الخير,600000,75000
الخير,550000,75000
الخير,510000,75000
الخير,330000,37500
الخير,280953,37500
الخير,315000,37500
الخير,620000,75002
الخير,610000,75000
الخير,335000,37500
الخير,320000,37500
الخير,330000,37500
الخير,325000,37500
الخير,320000,37500
الخير,645000,90000
الخير,500000,75000
الخير,575000,75000
الخير,350000,42000
الخير,350000,42000
الخير,330000,37500
الخير,330000,39000
الخير,370000,38250
الخير,370000,38250
الخير,400000,40500
الخير,325000,36000
الخير,630000,75002
الخير,500000,76500
الخير,750000,89999
الخير,750000,90000
الخير,625000,75000
الخير,625000,75000
الخير,200000,39000
الخير,680000,84000
الخير,680000,84000
الخير,310000,37500
الخير,340000,37500
الخير,340000,37500
الخير,620000,75000
الخير,620000,75000
الخير,620000,75000
الخير,680000,75880
الخير,680000,75880
الخير,560000,75000
الخير,560000,75001
الخير,560000,75000
الخير,560000,75001
الخير,630000,75000
الخير,675000,74999
الخير,675000,75000
الخير,250000,39750
الخير,335000,39000
الخير,300000,81000
الخير,350000,40350
الخير,327750,37500
الخير,570000,82500
الخير,600000,75000
الخير,200000,75000
الخير,455000,82499
الخير,640000,80999
الخير,315000,37500
الخير,315000,37500
الخير,471000,60000
الخير,540000,60000
الخير,522000,60000
الخير,530000,60000
الخير,495000,60000
الخير,305000,37500
الخير,350000,36900
الخير,330000,36900
الخير,330000,36900
الخير,350000,36900
الخير,375000,39990
الخير,530000,63019
الخير,455000,63245
الخير,325000,39000
الخير,520000,60000
الخير,520000,60000
الخير,520000,60000
الخير,520000,60000
الخير,520000,60000
الخير,520000,60000
الخير,520000,60000
الخير,520000,60000
الخير,520000,60000
الخير,520000,60000
الخير,520000,60000
الخير,520000,60000
الخير,520000,60000
الخير,520000,60000
الخير,520000,68430
الخير,520000,68430
الخير,475000,60000
الخير,260000,60000
الخير,363000,75000
الخير,363000,75000
الخير,363000,75000
الخير,363000,75000
الخير,363000,75000
الخير,363000,75000
الخير,363000,75000
الخير,730000,75000
الخير,363000,75000
الخير,620000,75000
الخير,363000,75000
الخير,363000,75000
الخير,363000,75000
الخير,363000,75000
الخير,363000,75000
الخير,363000,75000
الخير,315000,39750
الخير,363000,80687
الخير,363000,80687
الخير,363000,80701
الخير,363000,80400
الخير,770000,80400
الخير,363000,80399
الخير,770000,80399
الخير,363000,80401
الخير,363000,80400
الخير,800000,80400
الخير,377000,80400
الخير,670000,80400
الخير,350000,42000
الخير,350000,42000
الخير,580000,81000
الخير,600000,82500
الخير,600000,78000
الخير,335000,37500
الخير,300000,37500
الخير,780000,83803
الخير,650000,82500
الخير,650000,83617
الخير,630000,81000
الخير,50000,81000
الخير,650000,81000
الخير,495000,60722
الخير,230000,22500
الخير,300000,37500
الخير,590000,75000
الخير,300000,37500
الخير,300000,37500
الخير,310000,37500
الخير,535000,75000
الخير,535000,75000
الخير,300000,37500
الخير,555000,75000
الخير,630000,75000
الخير,470000,75397
الخير,470000,74731
الخير,560000,75269
الخير,560000,75141
الخير,560000,75013
الخير,550000,74884
الخير,550000,74756
الخير,550000,74628
الخير,470000,149231
الخير,300000,37500
الخير,687500,84439
الخير,687500,83923
الخير,215000,29028
الخير,170000,29028
الخير,215000,29028
الخير,270000,29028
الخير,300000,37500
الخير,675000,77626
الخير,675000,78435
الخير,550000,75000
الخير,530000,75000
الخير,520000,75000
الخير,600000,72640
الخير,600000,72346
الخير,550000,75000
الخير,520000,75000
الخير,550000,75000
الخير,520000,75000
الخير,550000,75000
الخير,520000,75000
الخير,520000,75000
الخير,520000,75000
الخير,560000,75000
الخير,520000,75000
الخير,560000,75000
الخير,520000,75000
الخير,650000,89541
الخير,650000,91226
الخير,562000,75000
الخير,320000,39788
الخير,590000,91683
الخير,590000,91683
الخير,600000,75000
الخير,425000,56250
الخير,425000,56250
الخير,530000,73775
الخير,530000,73775
الخير,525000,73775
الخير,300000,38108
الخير,300000,38108
الخير,630000,75000
الخير,610000,75000
الخير,600000,74799
الخير,600000,74986
الخير,380000,75000
الخير,360000,45000
الخير,590000,75000
الخير,340000,35620
الخير,240000,37500
الخير,340000,37500
الخير,330000,37500
الخير,500000,77746
الخير,777000,77746
الخير,500000,67080
الخير,500000,67080
الخير,500000,67080
الخير,550000,67080
الخير,500000,67080
الخير,500000,67080
الخير,500000,67080
الخير,500000,77746
الخير,550000,75000
الخير,305000,37500
الخير,315000,37500
الخير,310000,37500
الخير,730000,79956
الخير,685000,89605
الخير,530000,75000
الخير,530000,75000
الخير,530000,75000
الخير,530000,75000
الخير,580000,75000
الخير,580000,75000
الخير,580000,75000
الخير,680000,94513
الخير,680000,94513
الخير,620000,75000
الخير,600000,75000
الخير,500000,83745
الخير,750000,83745
الخير,500000,84255
الخير,750000,84255
الخير,500000,75000
الخير,500000,75000
الخير,500000,75000
الخير,500000,75000
الخير,500000,75000
الخير,570000,75000
الخير,500000,75000
الخير,500000,75000
الخير,500000,75000
الخير,305000,36000
الخير,500000,75000
الخير,565000,75000
الخير,500000,75000
الخير,500000,75000
الخير,500000,75000
الخير,500000,75000
الخير,500000,75000
الخير,500000,75000
الخير,500000,75000
الخير,500000,84439
الخير,500000,83923
الخير,340000,37500
الخير,595000,69719
الخير,595000,70238
الخير,595000,70757
الخير,550000,75000
الخير,550000,75000
الخير,550000,75000
الخير,550000,75000
الخير,310000,37500
الخير,735000,75000
الخير,735000,75106
الخير,350000,37500
الخير,600000,75000
الخير,635000,75000
الخير,635000,75000
الخير,635000,75000
الخير,635000,75000
الخير,610000,75000
الخير,330000,37500
الخير,612602,75000
الخير,787397,96415
الخير,320000,37500
الخير,680000,75000
الخير,360000,37500
الخير,360000,37500
الخير,680000,75000
الخير,360000,37500
الخير,360000,37500
الخير,360000,37500
الخير,360000,37500
الخير,360000,37500
الخير,375000,42727
الخير,320000,30878
الخير,370000,41070
الخير,360000,37500
الخير,360000,37500
الخير,360000,37500
الخير,690000,75000
الخير,355000,37500
الخير,325000,37500
الخير,650000,75000
الخير,650000,75000
الخير,290000,37500
الخير,600000,75000
الخير,350000,37500
الخير,350000,37500
الخير,350000,37500
الخير,350000,37500
الخير,350000,42000
الخير,775000,89658
الخير,600000,75000
الخير,600000,75000
الخير,600000,75000
الخير,600000,90414
الخير,600000,89246
الخير,150000,75000
الخير,300000,37500
الخير,560000,69163
الخير,325000,37500
الخير,600000,75000
الخير,670000,75257
الخير,325000,37500
الخير,340000,37500
الخير,330000,37500
الخير,330000,37500
الخير,675000,69373
الخير,675000,69373
الخير,480000,45000
الخير,235000,37500
الخير,335000,37500
الخير,425000,43500
الخير,235000,37500
الخير,335000,37500
الخير,335000,37500
الخير,350000,37500
الخير,600000,75000
الخير,300000,37500
الخير,300000,37500
الخير,300000,37500
الخير,550000,75000
الخير,330000,37500
الخير,650000,75000
الخير,600000,75000
الخير,600000,75000
الخير,320000,37500
الخير,320000,37500
الخير,320000,37500
الخير,320000,37500
الخير,320000,37500
الخير,620000,75000
الخير,615000,75000
الخير,615000,75000
الخير,600000,75000
الخير,600000,75000
الخير,560000,74929
الخير,550000,74929
الخير,600000,74929
الخير,600000,74929
الخير,720000,150105
الخير,600000,75000
الخير,590000,75000
الخير,320000,37500
الخير,520000,71900
الخير,400000,47403
الخير,600000,75000
الخير,595000,75000
الخير,600000,75000
الخير,600000,75000
الخير,600000,75000
الخير,600000,75000
الخير,600000,75000
الخير,600000,75000
الخير,610000,75000
الخير,700000,81617
الخير,700000,101490
الخير,700000,75000
الخير,700000,75000
الخير,700000,75000
الخير,700000,75000
الخير,700000,75000
الخير,700000,75000
الخير,700000,75000
الخير,700000,75000
الخير,700000,75000
الخير,700000,75000
الخير,620000,75000
الخير,620000,75000
الخير,750000,67394
الخير,750000,67394
الخير,600000,75950
الخير,750000,75000
الخير,670000,75000
الخير,610000,75950
الخير,600000,75950
الخير,625000,75950
الخير,610000,75950
الخير,450000,49500
الخير,600000,75000
الخير,650000,75000
الخير,680000,75000
الخير,880000,103500
الخير,378000,43750
الخير,750000,78000
الخير,340000,37500
الخير,430000,47970
الخير,420000,47970
الخير,395000,43750
الخير,600000,75000
الخير,390000,35358
الخير,615000,78000
الخير,580000,75000
الخير,630000,81000
الخير,635000,81000
الخير,630000,81000
الخير,635000,81000
الخير,650000,81000
الخير,600000,81000
الخير,625000,75000
الخير,750000,74484
الخير,750000,73968
الخير,750000,84907
الخير,750000,70746
الخير,640000,75000
الخير,640000,75000
الخير,620000,75000
الخير,330000,37500
الخير,360000,43750
الخير,360000,43750
الخير,400000,43750
الخير,645000,75000
الخير,650000,75000
الخير,750000,75000
الخير,750000,75000
الخير,370000,43400
الدار البيضاء,1224000,102000
الدار البيضاء,700000,50000
الدار البيضاء,1500000,60000
الدار البيضاء,276778,50000
الدار البيضاء,803849,37500
الدار البيضاء,878282,30000
الدار البيضاء,1238417,37500
الدار البيضاء,800000,30000
الدار البيضاء,600000,25000
الدار البيضاء,300000,50000
الدريهمية,80208,62400
الدريهمية,48795,9759
الدريهمية,415000,34241
الدريهمية,415000,29683
الدفاع,1250000,250050
الديرة,750000,15442
الديرة,620000,17038
الديرة,1700000,60000
الرائد,4375000,87500
الرائد,5500000,99000
الرابية,260000,40800
الرابية,265000,40800
الرابية,200000,40000
الرابية,200000,40000
الرابية,50000,40000
الرابية,260000,40000
الرابية,280000,40000
الرابية,120000,42500
الرابية,150000,42500
الرابية,250000,47500
الرابية,250000,40000
الرابية,290000,40000
الرابية,260000,40000
الرابية,250000,40000
الرابية,200000,40000
الرابية,220000,40000
الرابية,250000,40000
الرابية,260000,40000
الرابية,260000,40000
الرابية,150000,40000
الرابية,260000,40000
الرابية,175000,40000
الرابية,200000,40000
الرابية,150000,40950
الرابية,100000,43700
الرابية,145000,43700
الرابية,230000,41400
الرابية,240000,43010
الرابية,250000,41400
الرابية,280000,93000
الرابية,270000,91800
الرابية,200000,91800
الرابية,280000,90000
الرابية,50000,41250
الرابية,420000,90000
الرابية,235000,45000
الرابية,420000,105350
الرابية,150000,45375
الرابية,225000,45000
الرابية,220000,40000
الرابية,225000,42832
الرابية,220000,42832
الرابية,230000,43200
الرابية,225000,40000
الرابية,105000,40000
الرابية,50000,20000
الرابية,220000,44604
الرابية,225000,42500
الرابية,210000,40000
الرابية,215000,40000
الرابية,30000,21250
الرابية,190000,40000
الرابية,150000,40000
الرابية,210000,40000
الرابية,170000,40000
الرابية,212000,40000
الرابية,215000,42500
الرابية,220000,40000
الرابية,220000,40000
الرابية,200000,40000
الراية,160000,90000
الراية,160000,90000
الربوة,1150000,62500
الربوة,6100000,144500
الربوة,2200000,60030
الربوة,1900000,53360
الربوة,1900000,53360
الربوة,100000,138500
الربوة,2865000,81900
الربوة,885000,42400
الربوة,1108800,50400
الربوة,1000000,40000
الربوة,1400000,46000
الربوة,1680000,60000
الربوة,700000,24000
الربوة,1620000,46875
الربوة,4951610,176000
الربوة,3000000,125000
الربوة,4150000,110000
الربيع,1407360,40000
الربيع,2700000,52000
الربيع,1950000,37500
الرحمانية,4700000,43650
الرحمانية,1507297,19500
الرحمانية,2100000,54000
الرحمانية,2600000,30160
الرحمانية,5500000,50750
الرفيعة,3000000,65478
الرفيعة,1100000,39043
الرفيعة,2650000,40017
الرفيعة,30000000,627053
الرفيعة,3300000,30000
الرفيعة,3300000,30000
الرفيعة,3300000,30000
الرفيعة,400000,18000
الرفيعة,1300000,34471
الرمال,890625,31250
الرمال,473708,55000
الرمال,1500000,62500
الرمال,3600000,300000
الرمال,17518900,1208250
الرمال,2040000,120000
الرمال,862410,37500
الرمال,3500000,250016
الرمال,5850000,296153
الرمال,2200000,250000
الرمال,1250000,45500
الرمال,1000000,36000
الرمال,100000,30000
الرمال,2700000,125000
الرمال,1104432,59699
الرمال,1030432,55699
الرمال,1112701,60146
الرمال,1029507,55649
الرمال,1066599,57654
الرمال,1029507,55649
الرمال,980778,53015
الرمال,1038757,56149
الرمال,894975,48377
الرمال,1038757,56149
الرمال,980000,47250
الرمال,600000,30000
الرمال,701250,37500
الرمال,1570000,39886
الرمال,820771,44366
الرمال,630000,36000
الرمال,576000,30000
الرمال,450000,30000
الرمال,630000,30000
الرمال,420000,30000
الرمال,434000,30000
الرمال,1025000,50000
الرمال,640647,34077
الرمال,585000,30000
الرمال,585000,30000
الرمال,400000,30000
الرمال,400000,30000
الرمال,320000,30000
الرمال,320000,30000
الرمال,510000,30000
الرمال,510000,30000
الرمال,510000,30000
الرمال,404154,22453
الرمال,605000,27550
الرمال,500000,36000
الرمال,500000,36000
الرمال,996000,60000
الرمال,996000,60000
الرمال,300000,30000
الرمال,400000,58875
الرمال,300000,30000
الرمال,1000000,30000
الرمال,1992000,120000
الرمال,3285804,197940
الرمال,690000,58750
الرمال,851633,21038
الرمال,1300000,55299
الرمال,651431,21750
الرمال,844243,37265
الرمال,2037764,37200
الرمال,1100000,37200
الرمال,1806250,51302
الرمال,1432000,39600
الرمال,733363,43139
الرمال,1012500,37500
الرمال,750000,37500
الرمال,750000,30000
الروابى,2450000,90000
الروابى,1500000,40000
الروابى,700000,20000
الروابى,1000000,44000
الروابى,850000,31250
الروابى,1850000,49550
الروضة,1700000,37500
الروضة,1000000,25000
الروضة,986640,36596
الروضة,1850000,72000
الروضة,1088100,35100
الروضة,9625000,300000
الروضة,1057485,35750
الروضة,750000,64000
الريان,1700000,65575
الريان,1900000,80500
الريان,1500000,55000
الريان,1500000,55000
الريان,2200000,50000
الريان,1130000,35000
الريان,2750000,75000
الزاهر,400000,90000
الزاهر,370000,83340
الزاهر,400000,83340
الزاهر,700000,197400
الزاهر,180000,45000
الزهرة,1250000,50000
الزهرة,515000,40000
الزهور,290000,45000
الزهور,290000,45500
الزهور,300000,45625
الزهور,350000,45625
الزهور,500000,90000
الزهور,295000,45000
الزهور,220000,45000
السعادة,500000,30462
السعادة,900000,30462
السعادة,3207600,97200
السعادة,1625000,37000
السعادة,832000,41600
السلام,1500000,72000
السلام,1550000,60000
السلام,1000000,50000
السلام,1000000,50000
السلام,1100000,50000
السلى,1500000,60000
السلى,750000,37625
السلى,1500000,120000
السلى,815000,64750
السلى,815000,64750
السلى,815000,60000
السلى,410000,34500
السليمانية,1086000,27150
السليمانية,2500000,57000
السليمانية,1400000,34500
السليمانية,1100000,31250
السليمانية,1875000,62500
السليمانية,7000000,250000
السليمانية,1400000,35000
السليمانية,2035000,52226
السليمانية,5250000,69000
السليمانية,3250000,32500
السليمانية,1285000,34500
السليمانية,1350000,34050
السليمانية,1250000,62500
السويدى,670000,40000
السويدى,700000,50000
السويدى,115500,32000
السويدى,77000,7000
السويدى,450000,56250
السويدى,800000,56250
السويدى,100000,20000
السويدى,90000,50000
السويدى,1350000,84000
السويدى,4159950,83199
السويدى,1250000,28500
الشرفية,850000,31200
الشرفية,2000000,68750
الشرق,500000,44800
الشرق,110000,45000
الشرق,225000,45000
الشرق,440000,90000
الشرق,110000,62000
الشرق,170000,45000
الشرق,140000,40818
الشرق,250000,75000
الشفاء,900000,62500
الشفاء,900000,62500
الشفاء,1550000,101500
الشفاء,700000,42500
الشفاء,100000,48000
الشفاء,600000,72820
الشفاء,300000,60000
الشفاء,400000,67500
الشفاء,656250,52500
الشفاء,656250,52500
الشفاء,9334998,140000
الشفاء,400000,43225
الشميسى,65000,6765
الشهداء,500000,65000
الصحافة,200000,33600
الصحافة,2450000,29000
الصحافة,2607000,75000
الصحافة,1300000,42000
الصحافة,2900000,30000
الصحافة,2900000,30000
الصحافة,2950000,30000
الصحافة,3000000,30000
الصحافة,3570000,30000
الصحافة,500000,25000
الصفاء,6271998,392000
الصناعية,1180000,38000
الضباط,1150000,48200
الضباط,17000000,829611
العارض,3480000,120000
العارض,2026984,88344
العارض,1550000,22500
العارض,2100000,36820
العارض,1575000,28000
العارض,1575000,28000
العارض,2630000,43089
العارض,2600000,43089
العارض,1350000,27334
العارض,1050000,30000
العارض,1216000,32060
العارض,869400,62100
العارض,869400,62100
العريجاء,484950,60000
العريجاء,450000,40000
العريجاء,850000,40000
العريجاء,354284,40000
العريجاء,615000,30000
العريجاء,668000,40000
العريجاء,1000000,40000
العريجاء,590000,40000
العريجاء,30000,40000
العريجاء,650000,40000
العريجاء,600000,40000
العريجاء,700000,40000
العريجاء,1000000,70000
العريجاء,590000,40000
العزيزية,1000000,22500
العزيزية,780000,20000
العزيزية,900000,50000
العزيزية,900000,50000
العزيزية,293000,40800
العزيزية,500000,80000
العزيزية,10000,57500
العزيزية,1190000,33000
العزيزية,400000,27500
العزيزية,400000,27500
العزيزية,500000,26250
العزيزية,1226886,36000
العزيزية,400000,105675
العزيزية,630000,32500
العزيزية,1656029,30000
العزيزية,500000,37500
العقيق,2900000,62500
العقيق,2800000,31250
العقيق,2800000,31250
العقيق,1406250,31250
العقيق,1406250,31250
العقيق,10000,150000
العقيق,1200000,37500
العقيق,757500,20834
العقيق,757500,10416
العقيق,2600000,29900
العقيق,3300000,45000
العلا,280000,75000
العليا,1800000,60000
العليا,1000000,60000
العليا,3267000,99000
العليا,2178000,66000
العليا,2178000,66000
العليا,2590000,60000
العليا,1300000,37500
العليا,19000000,655000
العليا,1600000,56000
العليا,11100000,360000
العليا,2500000,67500
العليا,1250000,54000
العليا,1500000,52500
العليا,2500000,64900
العمل,1150000,35952
العوالي,1133650,55300
العود,321516,24732
العود,400000,13200
الغدير,5500000,105000
الغدير,1775000,30000
الغروب,400000,87540
الغنامية,213500,16000
الغنامية,47500,16000
الغنامية,190000,40308
الغنامية,200000,48476
الغنامية,55000,16000
الفلاح,2520000,60000
الفيحاء,883925,35357
الفيحاء,600000,30004
الفيحاء,1325417,37500
الفيحاء,1015000,35000
الفيصلية,40000,30000
القادسية,2520000,120000
القادسية,1764000,84000
القادسية,1743000,83000
القادسية,1464535,84000
القادسية,2870000,140000
القادسية,2870000,140000
القادسية,2870000,140000
القادسية,888750,45000
القادسية,1350000,37500
القادسية,800000,37500
القادسية,752500,35000
القادسية,682500,32500
القادسية,640000,40000
القادسية,1024632,22150
القادسية,3300000,74867
القادسية,800000,37200
القادسية,500000,30980
القدس,1800000,27000
القدس,2800000,90000
القدس,5000000,90000
القدس,2142000,63000
القدس,627145,40000
القدس,3000000,37500
القدس,1126650,30450
القدس,1798590,137823
القيروان,2000000,90000
القيروان,12000000,120000
القيروان,4400550,80010
القيروان,2250000,36300
المحمدية,1350000,22500
المحمدية,3240000,90000
المحمدية,2350000,38000
المحمدية,1794000,59800
المحمدية,6200000,186000
المحمدية,7587380,164125
المحمدية,10000,233375
المدينة الصناعية الج…,1000000,60000
المدينة الصناعية الج…,1000000,60000
المربع,1200000,61100
المرسلات,1750000,54000
المرسلات,3450000,52000
المرسلات,900000,48000
المروة,1928500,101500
المروة,1653000,87000
المروة,100000,84978
المروة,975000,43500
المروج,3228680,30000
المشاعل,2800000,95820
المصانع,2500000,74930
المصفاة,1267500,97500
المصفاة,360000,75000
المصفاة,300000,75000
المصفاة,750000,160000
المصفاة,195000,40000
المصفاة,4949916,1645700
المصفاة,2850000,500950
المصفاة,190000,78750
المصيف,1125000,37500
المصيف,1125000,37500
المصيف,1500000,40000
المعذر,600000,15000
المعذر,1000000,45750
المعذر,4500000,60000
المعذر,1890000,63000
المعيزلية,410800,57008
المعيزلية,500000,49000
المعيزلية,721875,34375
المعيزلية,1200000,49641
المغرزات,18144000,403200
المغرزات,5400000,105000
المغرزات,2500000,48000
الملز,1300000,48750
الملز,2700000,67500
الملز,2400000,62500
الملز,2600000,62500
الملز,1700000,52000
الملز,700000,66440
الملقا,1900000,31250
الملقا,10780000,245000
الملقا,1111511,25000
الملقا,789243,40000
الملقا,2678000,52000
الملقا,4950000,50018
الملقا,4150000,39600
الملقا,4800000,80010
الملقا,3750000,50972
الملقا,2300000,21060
الملقا,2191575,36500
الملقا,3000000,60000
الملقا,3300000,60000
الملقا,4125000,75000
الملقا,3850984,65100
الملقا,2700000,25000
الملقا,2700000,25000
الملقا,6200000,60000
الملقا,6250000,60000
الملقا,6500000,60000
الملقا,5450000,52500
الملقا,5125000,52500
الملقا,7700000,80010
الملقا,6700000,70020
الملقا,2450000,29680
الملقا,3200000,30000
الملقا,3219780,53663
الملقا,2660000,66500
الملقا,5600000,60013
الملقا,3175241,50004
الملقا,3000000,44880
الملقا,5089518,80150
الملقا,3809873,59998
الملقا,19000000,149163
الملقا,1912358,41573
الملقا,6800000,80028
الملقا,3300000,60000
الملقا,3215404,55438
الملقا,3840000,96000
الملقا,3840000,96000
الملقا,3840000,96000
الملقا,3150000,70000
الملقا,3150000,70000
الملقا,3500000,70000
الملقا,2870000,70000
الملقا,2870000,70000
الملقا,2800000,70000
الملقا,3150000,70000
الملقا,3150000,70000
الملقا,3150000,70000
الملقا,3907090,93026
الملقا,4328394,103057
الملقا,5105565,113457
الملقا,5455754,126878
الملقا,5615400,140385
الملقا,6580665,152323
الملك عبد الله,1392678,31250
الملك عبدالعزيز,2800000,60000
الملك فهد,900000,33600
الملك فهد,10000,37500
الملك فهد,857323,60000
الملك فهد,1700000,50000
الملك فهد,6000000,200000
الملك فهد,1200000,40000
الملك فيصل,2000000,40000
الملك فيصل,1800000,75000
الملك فيصل,1760000,75000
الملك فيصل,553000,60000
الملك فيصل,1310000,50000
المناخ,140000,21579
المناخ,50000,17417
المناخ,800000,75000
المناخ,600000,75000
المنار,1350000,62500
المنار,702000,21600
المنصورة,1150000,49500
المهدية,1150000,20000
المهدية,1150000,20000
المهدية,830000,40000
المهدية,1500000,75000
المهدية,755000,35938
المهدية,758665,20000
المهدية,350000,42862
المهدية,600000,31470
المهدية,600000,40000
المهدية,1020000,40000
المهدية,1050000,40000
المهدية,1150000,20000
المهدية,662500,40000
المهدية,770000,40000
المهدية,1200000,20000
المهدية,1200000,20000
المهدية,900000,40000
المهدية,900000,40000
المهدية,900000,40000
المهدية,900000,40000
المهدية,900000,40000
المهدية,500000,50000
المهدية,900000,56400
المهدية,500000,66919
المهدية,300000,37500
المهدية,800000,37500
المهدية,375000,45000
المهدية,2100000,37500
المهدية,849732,20000
المهدية,700000,45000
المهدية,1050000,40000
المهدية,200000,39000
المهدية,1795774,25000
المهدية,400000,30140
المهدية,997672,20000
المهدية,1451448,60477
المهدية,850000,45000
المهدية,930000,40500
المهدية,825000,40500
المهدية,640000,40000
المهدية,500000,30000
المهدية,800000,45000
المهدية,800000,45594
المهدية,600000,41875
المهدية,800000,48629
المهدية,350000,42862
المهدية,600000,48516
المهدية,800000,45000
المهدية,200000,45000
المهدية,500000,45000
المهدية,600000,45000
المهدية,1021590,45404
المهدية,1052055,46758
المهدية,972945,43242
المهدية,1052055,46758
المهدية,972945,43242
المهدية,2340000,90000
المهدية,410000,75000
المهدية,300000,78000
المهدية,320000,75000
المونسية,1027000,25000
المونسية,870997,47500
المونسية,1050000,30000
المونسية,1050000,30000
المونسية,990000,40500
المونسية,1474587,37500
المونسية,1095200,34225
المونسية,1095200,34225
المونسية,888000,27750
المونسية,888000,27750
المونسية,888000,27750
المونسية,888000,27750
المونسية,888000,27750
المونسية,888000,27750
المونسية,888000,27750
المونسية,888000,27750
المونسية,888000,27750
المونسية,888000,27750
المونسية,1095200,34225
المونسية,1095200,34225
المونسية,1308240,52500
المونسية,2070000,37500
المونسية,1281320,28500
المونسية,900000,50123
المونسية,1250000,24000
المونسية,1250000,24000
المونسية,998400,31200
المونسية,1038414,38177
المونسية,1048152,38535
المونسية,848640,31200
المونسية,848640,31200
المونسية,848640,31200
المونسية,848640,31200
المونسية,848640,31200
المونسية,848640,31200
المونسية,848640,31200
المونسية,848640,31200
المونسية,848640,31200
المونسية,848640,31200
المونسية,848640,31200
المونسية,848640,31200
المونسية,1048043,38531
المونسية,1038305,38173
المونسية,889200,31200
المونسية,889200,31200
الناصرية,4000000,157433
الناصرية,300000,11760
النخيل,987480,44348
النخيل,3750000,31250
النخيل,5850000,90000
النخيل,5850000,90000
الندوة,1506408,46500
الندى,3500000,40500
الندى,608000,52256
النرجس,2100000,25000
النرجس,1450000,24000
النرجس,575000,50000
النرجس,575000,50000
النرجس,525000,23000
النرجس,3645000,90000
النرجس,3645000,90000
النرجس,3600000,90000
النرجس,3645000,90000
النرجس,3600000,90000
النرجس,3600000,90000
النرجس,3600000,90000
النرجس,3600000,90000
النرجس,4380000,120000
النرجس,4380000,120000
النرجس,3285000,90000
النرجس,3285000,90000
النرجس,3285000,90000
النرجس,3285000,90000
النرجس,3285000,90000
النرجس,3285000,90000
النرجس,1800000,75000
النرجس,2800000,31250
النرجس,2500000,26250
النرجس,1280000,36288
النرجس,967620,27432
النرجس,952380,27000
النرجس,1071000,30600
النرجس,460000,30000
النرجس,1200000,30000
النرجس,560280,20010
النرجس,560280,20010
النرجس,560280,20010
النرجس,1000000,45000
النرجس,2380952,70000
النرجس,2464000,77000
النرجس,1500000,50025
النرجس,2600000,33800
النرجس,1300000,32500
النرجس,1300000,32500
النرجس,2340000,90000
النرجس,1243200,33600
النرجس,2400000,75000
النرجس,1298700,35100
النرجس,1170000,39000
النرجس,6550000,180000
النرجس,567000,20250
النرجس,567000,20250
النرجس,567000,20250
النرجس,567000,20250
النرجس,588000,20750
النرجس,10125000,270000
النرجس,1970693,25000
النرجس,1316512,42500
النرجس,6281000,58000
النرجس,4000000,50000
النرجس,1900000,25000
النرجس,2100000,30000
النرجس,2000000,31250
النرجس,1730000,25000
النرجس,1530000,35000
النرجس,1237500,35000
النرجس,2200000,35100
النرجس,506145,86560
النرجس,506145,60000
النرجس,467775,40500
النرجس,972000,32400
النرجس,4158975,120550
النرجس,825000,22000
النرجس,1850000,24555
النرجس,100000,33350
النرجس,8210160,273672
النرجس,7009080,233636
النرجس,6924090,230803
النرجس,6839130,227971
النرجس,6754170,225139
النرجس,2700000,60000
النرجس,5255960,131399
النرجس,4800000,120000
النرجس,4800000,120000
النرجس,2923200,69600
النرجس,3045000,72495
النرجس,2200000,25014
النرجس,2800000,32548
النرجس,1450179,25000
النرجس,1750000,26392
النرجس,2750000,30000
النرجس,1215000,33750
النرجس,1350000,37500
النرجس,601500,31200
النرجس,2300000,31200
النزهة,2550000,60000
النزهة,2550000,60000
النزهة,3500000,89700
النسيم,1000000,31250
النسيم,1200000,37500
النسيم,695000,50000
النسيم,200000,40000
النسيم,540000,37500
النسيم,300000,62500
النسيم,970000,50000
النسيم,500000,37500
النسيم,683500,37500
النسيم,900000,52500
النسيم,802500,47550
النسيم,257000,36000
النسيم,1190000,37950
النسيم,1170000,40000
النسيم,897965,50000
النسيم,50000,21875
النسيم,600000,25000
النظيم,1000000,211500
النظيم,1692000,211500
النظيم,744000,44000
النظيم,800000,50000
النظيم,425000,27000
النظيم,1000000,125000
النظيم,100000,38750
النظيم,900000,38750
النظيم,50000,45000
النظيم,1000000,52500
النظيم,545000,50000
النظيم,1750581,60000
النظيم,1000000,70000
النظيم,105000,47600
النظيم,400000,75000
النظيم,813731,37500
النظيم,200000,48400
النفل,2300000,23000
النفل,2383125,58125
النفل,301000,32400
النفل,890000,57600
النفل,1275750,40500
النفل,1044000,36000
النفل,1255500,40500
النفل,1044000,36000
النفل,1044000,36000
النفل,1255500,40500
النفل,1044000,36000
النفل,1255500,40500
النفل,1044000,36000
النفل,1255500,40500
النفل,1044000,36000
النفل,72460116,551250
النفل,106619884,811125
النهضة,1300000,54000
النهضة,712500,37500
النهضة,1450000,60000
النهضة,500000,62000
النهضة,800000,40300
النهضة,1759765,31875
النهضة,1000000,45000
النهضة,847675,41350
النهضة,455000,37500
النهضة,455000,37500
النهضة,725000,84000
النهضة,400000,37500
النهضة,750000,37500
النهضة,900000,38750
النهضة,1520000,72000
النهضة,1396000,37500
النهضة,1350000,75000
النهضة,800000,62500
النهضة,1500000,52500
الهدا,6052600,151315
الهدا,3096060,93820
الهدا,2215560,59880
الهدا,1980000,55000
الهدا,1925000,55000
الهدا,2090000,55000
الهدا,2035000,55000
الهدا,1925000,55000
الهدا,4926950,140770
الهدا,2402400,61600
الهدا,1955265,52845
الهدا,1750000,50000
الهدا,1700000,50000
الهدا,1750000,50000
الهدا,4926950,140770
الهدا,1750000,50000
الهدا,1750000,50000
الهدا,1650000,50000
الهدا,1700000,50000
الهدا,490000,140000
الهدا,1882920,48280
الهدا,1955080,52840
الهدا,2210460,58170
الهدا,4900000,140000
الهدا,1700000,50000
الهدا,1800000,50000
الهدا,1700000,50000
الهدا,1800000,50000
الهدا,1750000,50000
الهدا,5460000,140000
الهدا,5460000,140000
الهدا,3393780,89310
الهدا,2857334,75193
الهدا,2660000,70000
الهدا,5431140,139260
الهدا,5097495,130705
الهدا,2855160,86520
الهدا,3080000,88000
الهدا,3080000,88000
الهدا,2992000,88000
الهدا,2992000,88000
الهدا,3168000,88000
الهدا,3520000,88000
الهدا,6122180,161110
الهدا,3256000,88000
الهدا,3256000,88000
الهدا,3168000,88000
الهدا,3432000,88000
الهدا,3080000,88000
الهدا,3648000,96000
الهدا,6273150,160850
الهدا,3616200,100450
الهدا,2720000,80000
الهدا,2880000,80000
الهدا,2880000,80000
الهدا,3200000,80000
الهدا,3040000,80000
الهدا,2960000,80000
الهدا,2720000,80000
الهدا,2720000,80000
الهدا,2515854,76238
الهدا,2527950,66525
الهدا,2040000,60000
الهدا,2040000,60000
الهدا,2040000,60000
الهدا,2040000,60000
الهدا,1980000,60000
الهدا,3539092,93134
الهدا,2660000,70000
الهدا,2660000,70000
الهدا,2660000,70000
الهدا,2660000,70000
الهدا,2660000,70000
الهدا,2660000,70000
الهدا,1836000,54000
الواحة,4500000,75000
الواحة,3950000,81000
الواحة,2500000,75000
الواحة,5500000,101500
الواحة,2425000,50000
الواحة,2333333,53300
الوادي,1750000,32400
الوادي,1200000,31500
الوادي,275000,15000
الورود,1240000,37500
الورود,2997400,91000
الورود,1000000,41650
الوزارات,400000,11250
الوزارات,423075,40000
الوزارات,800000,19600
الياسمين,2796000,60000
الياسمين,2050000,26250
الياسمين,1341600,31200
الياسمين,1950000,34800
الياسمين,507000,40008
الياسمين,3500000,45000
الياسمين,1900000,36000
الياسمين,2600000,37500
الياسمين,2850000,38400
الياسمين,1000000,30080
الياسمين,2358450,37100
الياسمين,2350000,37100
الياسمين,1378110,37500
الياسمين,2080000,52000
الياسمين,1750000,30038
الياسمين,974029,25000
الياسمين,1090000,25000
الياسمين,1030000,22500
اليرموك,1900000,30000
اليرموك,1600000,25000
اليرموك,1735000,27600
اليرموك,1300000,27600
اليرموك,1750000,31250
اليرموك,1600000,31250
اليرموك,500000,50000
اليرموك,500000,40000
اليرموك,1550000,25000
اليرموك,1400000,25000
اليرموك,2875000,115000
اليمامة,225000,27200
اليمامة,266500,22049
اليمامة,180000,19960
اليمامة,271000,16485
ام الحمام,350000,11700
ام الحمام,1800000,100700
ام الحمام,1050000,25000
ام الحمام,600000,25000
ام الحمام,50000,50000
ام الحمام,400000,15000
ام سليم,30000,6270
ام سليم,750000,23354
ام سليم,215000,13142
بدر,343750,31250
بدر,343750,31250
بدر,343750,31250
بدر,343750,31250
بدر,1395365,31250
بدر,820000,31250
بدر,800000,35100
بدر,950000,50000
بدر,1000000,60000
بدر,487500,39000
بدر,487500,39000
بدر,487500,39000
بدر,487500,39000
بدر,617333,28125
بدر,475000,33000
بدر,550000,60000
بدر,6965625,928750
بدر,11145000,928750
بدر,665625,88750
بدر,1065000,88750
بدر,504000,42000
بدر,780080,30000
بدر,784949,43400
بدر,777686,42000
بدر,558000,55800
بدر,334800,33480
بنبان,1300000,88286
بنبان,1050000,70000
بنبان,750000,45000
بنبان,750000,45000
جرير,1000000,33750
جرير,810000,40000
جرير,5850000,292500
جرير,635000,30000
حطين,2421395,39990
حطين,3600000,59500
حطين,5800000,87500
حطين,7900000,67449
حطين,2063600,46905
حطين,5300000,59160
حطين,4400000,45000
حطين,6300000,60000
حطين,16740000,360000
حلة بن دايل,360000,16606
خنشليلة,1100000,77091
دعكنة,450000,20000
ديراب,1005687,62500
ديراب,370000,87500
ديراب,1000000,31250
ديراب,795705,22500
ديراب,550000,32500
ديراب,400000,31250
ديراب,700000,31250
ديراب,700000,31250
ديراب,300000,31250
سلطانة,450000,35000
شبرا,400000,30000
شبرا,850000,54000
شبرا,740000,42000
شبرا,900000,32000
شبرا,780000,62500
شرق الرياض,250000,89900
شرق الرياض,400000,92000
شرق الرياض,265000,88400
شرق الرياض,30000,90000
شرق الرياض,30000,90000
شرق الرياض,400000,91799
شرق الرياض,430000,90660
شرق الرياض,400000,83475
شرق الرياض,445000,90000
شرق الرياض,200000,83475
شرق الرياض,430000,96383
شرق الرياض,345000,95200
شرق الرياض,400000,90000
شرق الرياض,400000,90000
شرق الرياض,395000,79260
شرق الرياض,350000,91710
شرق الرياض,445000,109888
شرق الرياض,450000,95368
شرق الرياض,365000,91800
شرق الرياض,350000,88400
شرق الرياض,500000,115400
شرق الرياض,350000,91800
شرق الرياض,30000,201400
شرق الرياض,30000,203500
شرق الرياض,30000,203500
شرق الرياض,30000,210000
شرق الرياض,30000,223195
شرق الرياض,30000,210000
شرق الرياض,30000,223195
شرق الرياض,465000,203500
شرق الرياض,465000,203500
شرق الرياض,600000,200000
شرق الرياض,500000,183300
شرق الرياض,500000,198800
شرق الرياض,550000,210000
شرق الرياض,650000,200000
شرق الرياض,650000,200000
شرق الرياض,500000,200000
شرق الرياض,800000,200000
شرق الرياض,650000,190000
شرق الرياض,600000,218200
شرق الرياض,415000,90000
شرق الرياض,550000,90000
شرق الرياض,580000,90000
شرق الرياض,650000,90000
شرق الرياض,505000,87000
شرق الرياض,400000,91738
شرق الرياض,550000,90000
شرق الرياض,530000,90000
شرق الرياض,500000,87000
شرق الرياض,500000,87000
شرق الرياض,700000,90000
شرق الرياض,300000,90000
شرق الرياض,430000,90000
شرق الرياض,450000,90000
شرق الرياض,600000,92412
شرق الرياض,550000,90000
شرق الرياض,440000,90000
شرق الرياض,255000,45000
شرق الرياض,900000,90000
شرق الرياض,300000,90000
شرق الرياض,330000,84000
شرق الرياض,350000,90000
شرق الرياض,350000,90000
شرق الرياض,370000,91800
شرق الرياض,360000,84000
شرق الرياض,440000,86400
شرق الرياض,425000,87000
شرق الرياض,420000,90000
شرق الرياض,420000,86400
شرق الرياض,100000,96000
شرق الرياض,355000,90000
شرق الرياض,400000,93000
شرق الرياض,455000,96000
شرق الرياض,360000,93600
شرق الرياض,550000,113640
شرق الرياض,430000,90000
شرق الرياض,400000,93000
شرق الرياض,420000,99000
شرق الرياض,495000,105000
شرق الرياض,228000,45000
شرق الرياض,500000,90000
شرق الرياض,320000,90000
شرق الرياض,320000,90000
شرق الرياض,430000,81000
شرق الرياض,305000,84000
شرق الرياض,310000,84000
شرق الرياض,370000,93600
شرق الرياض,450000,90000
شرق الرياض,10000,84000
شرق الرياض,200000,84000
شرق الرياض,370000,84000
شرق الرياض,440000,93000
شرق الرياض,300000,86400
شرق الرياض,450000,95700
شرق الرياض,450000,95700
شرق الرياض,550000,102193
شرق الرياض,400000,81000
شرق الرياض,390000,90000
شرق الرياض,50000,90000
شرق الرياض,380000,81000
شرق الرياض,380000,90000
شرق الرياض,480000,90000
شرق الرياض,380000,90000
شرق الرياض,357000,86400
شرق الرياض,500000,90000
شرق الرياض,410000,87000
شرق الرياض,350000,90000
شرق الرياض,450000,95400
شرق الرياض,400000,93600
شرق الرياض,470000,93600
شرق الرياض,500000,90000
شرق الرياض,500000,90000
شرق الرياض,520000,88629
شرق الرياض,450000,90000
شرق الرياض,500000,85289
شرق الرياض,450000,90000
شرق الرياض,199500,93600
شرق الرياض,430000,90000
شرق الرياض,390000,90000
شرق الرياض,350000,87000
شرق الرياض,300000,87000
شرق الرياض,420000,84000
شرق الرياض,300000,99000
شرق الرياض,510000,90000
شرق الرياض,350000,93000
شرق الرياض,400000,93000
شرق الرياض,370000,99190
شرق الرياض,520000,93000
شرق الرياض,520000,93000
شرق الرياض,100000,99200
شرق الرياض,450000,99200
شرق الرياض,450000,90000
شرق الرياض,320000,99000
شرق الرياض,405000,90000
شرق الرياض,650000,90000
شرق الرياض,950000,90000
شرق الرياض,500000,85000
شرق الرياض,360000,90000
شرق الرياض,450000,87000
شرق الرياض,400000,90000
شرق الرياض,450000,108000
شرق الرياض,400000,90000
شرق الرياض,600000,96000
شرق الرياض,385000,90000
شرق الرياض,375000,89900
شرق الرياض,330000,93000
شرق الرياض,280000,84000
شرق الرياض,250000,93600
شرق الرياض,340000,84000
شرق الرياض,250000,84000
شرق الرياض,200000,84000
شرق الرياض,250000,84000
شرق الرياض,200000,87000
شرق الرياض,400000,81000
شرق الرياض,400000,84000
شرق الرياض,360000,84000
شرق الرياض,410000,90000
شرق الرياض,355000,90000
شرق الرياض,1100000,90000
شرق الرياض,400000,84000
شرق الرياض,665000,200000
شرق الرياض,600000,215000
شرق الرياض,600000,215000
شرق الرياض,550000,235000
شرق الرياض,550000,235000
شرق الرياض,680000,210000
شرق الرياض,590000,210000
شرق الرياض,596000,200000
شرق الرياض,596000,200000
شرق الرياض,596000,200000
شرق الرياض,596000,200000
شرق الرياض,610000,240000
شرق الرياض,600000,240000
شرق الرياض,650000,200000
شرق الرياض,715000,215000
شرق الرياض,400000,200000
شرق الرياض,645000,200000
شرق الرياض,675000,200000
شرق الرياض,600000,200000
شرق الرياض,645000,200000
شرق الرياض,600000,200000
شرق الرياض,550000,200000
شرق الرياض,700000,200000
شرق الرياض,300000,200000
شرق الرياض,310000,93600
شرق الرياض,360000,93600
شرق الرياض,380000,96000
شرق الرياض,160000,90000
شرق الرياض,50000,90000
شرق الرياض,400000,90000
شرق الرياض,400000,84000
شرق الرياض,405000,93000
شرق الرياض,400000,90000
شرق الرياض,300000,84000
شرق الرياض,350000,90000
شرق الرياض,305000,81000
شرق الرياض,380000,90000
شرق الرياض,300000,91800
شرق الرياض,300000,94500
شرق الرياض,300000,91800
شرق الرياض,375000,90000
شرق الرياض,300000,90000
شرق الرياض,400000,90000
شرق الرياض,400000,85290
شرق الرياض,290000,86400
شرق الرياض,345000,93000
شرق الرياض,400000,87000
شرق الرياض,220000,45000
شرق الرياض,365000,84000
شرق الرياض,675000,330000
شرق الرياض,675000,330000
شرق الرياض,440000,105000
شرق الرياض,440000,105007
شرق الرياض,265000,84000
شرق الرياض,360000,81000
شرق الرياض,600000,200000
شرق الرياض,500000,185000
شرق الرياض,685000,210000
شرق الرياض,200000,90000
شرق الرياض,100000,90000
شرق الرياض,475000,105000
شرق الرياض,475000,105000
شرق الرياض,380000,90000
شرق الرياض,230000,90000
شرق الرياض,430000,90000
شرق الرياض,485700,90000
شرق الرياض,400000,90000
شرق الرياض,200000,90000
شرق الرياض,330000,90000
شرق الرياض,250000,90000
شرق الرياض,360000,90000
شرق الرياض,255000,90000
شرق الرياض,240000,90000
شرق الرياض,350000,90000
شرق الرياض,105000,90000
شرق الرياض,300000,190000
شرق الرياض,260000,195000
شرق الرياض,280000,90000
شرق الرياض,265000,75013
شرق الرياض,280000,90000
شرق الرياض,360000,105000
شرق الرياض,350000,86999
شرق الرياض,200000,99563
شرق الرياض,270000,90000
شرق الرياض,260000,84000
شرق الرياض,260000,90000
شرق الرياض,300000,90000
شرق الرياض,280000,105000
شرق الرياض,50000,100000
شرق الرياض,150000,102325
شرق الرياض,240000,91925
شرق الرياض,300000,84000
شرق الرياض,310000,84000
شرق الرياض,280000,84000
شرق الرياض,300000,87499
شرق الرياض,350000,82085
شرق الرياض,350000,84000
شرق الرياض,260000,84000
شرق الرياض,300000,96184
شرق الرياض,300000,87499
شرق الرياض,280000,91000
شرق الرياض,272000,87500
شرق الرياض,300000,84000
شرق الرياض,330000,91000
شرق الرياض,310000,84000
شرق الرياض,340000,91000
شرق الرياض,300000,86400
شرق الرياض,340000,86400
شرق الرياض,270000,86400
شرق الرياض,270000,86399
شرق الرياض,150000,90000
شرق الرياض,300000,84000
شرق الرياض,290000,87000
شرق الرياض,28000,90000
شرق الرياض,150000,90000
شرق الرياض,150000,90000
شرق الرياض,240000,82800
شرق الرياض,300000,84000
شرق الرياض,250000,84000
شرق الرياض,240000,82000
شرق الرياض,320000,82000
شرق الرياض,410000,195000
شرق الرياض,300000,200000
شرق الرياض,550000,200000
شرق الرياض,130000,234317
شرق الرياض,500000,205000
شرق الرياض,270000,91800
شرق الرياض,250000,91800
شرق الرياض,260000,91800
شرق الرياض,200000,94214
شرق الرياض,280000,165365
شرق الرياض,260000,91800
شرق الرياض,310000,91800
شرق الرياض,250000,95200
شرق الرياض,280000,91800
شرق الرياض,335000,91800
شرق الرياض,280000,91800
شرق الرياض,330000,91800
شرق الرياض,280000,91800
شرق الرياض,340000,106176
شرق الرياض,100000,91800
شرق الرياض,228000,91800
شرق الرياض,315000,95200
شرق الرياض,285000,95200
شرق الرياض,300000,102228
شرق الرياض,150000,95200
شرق الرياض,150000,88400
شرق الرياض,280000,91800
شرق الرياض,295000,91800
شرق الرياض,270000,90000
شرق الرياض,270000,90000
شرق الرياض,275000,90000
شرق الرياض,330000,90000
شرق الرياض,260000,90000
شرق الرياض,265000,90000
شرق الرياض,340000,90000
شرق الرياض,260000,86400
شرق الرياض,150000,90000
شرق الرياض,300000,90000
شرق الرياض,200000,90000
شرق الرياض,270000,86789
شرق الرياض,350000,89152
شرق الرياض,260000,90000
شرق الرياض,300000,100476
شرق الرياض,300000,99958
شرق الرياض,300000,98219
شرق الرياض,300000,97712
شرق الرياض,260000,90000
شرق الرياض,260000,93600
شرق الرياض,275000,90000
شرق الرياض,50000,93600
شرق الرياض,265000,93600
شرق الرياض,120000,90000
شرق الرياض,270000,90000
شرق الرياض,250000,90000
شرق الرياض,260000,90000
شرق الرياض,280000,93600
شرق الرياض,200000,90000
شرق الرياض,420000,203131
شرق الرياض,450000,200000
شرق الرياض,200000,200000
شرق الرياض,155000,75950
شرق الرياض,200000,92040
شرق الرياض,250000,91263
شرق الرياض,55000,77576
شرق الرياض,170000,75000
شرق الرياض,170000,75000
شرق الرياض,200000,75000
شرق الرياض,200000,81250
شرق الرياض,200000,81250
شرق الرياض,150000,76375
شرق الرياض,150000,85145
شرق الرياض,180000,75000
شرق الرياض,160000,75563
شرق الرياض,190000,75900
شرق الرياض,200000,79551
شرق الرياض,165000,76375
شرق الرياض,100000,81155
شرق الرياض,172000,76375
شرق الرياض,140000,75900
شرق الرياض,160000,75900
شرق الرياض,175000,75900
شرق الرياض,100000,85994
شرق الرياض,150000,60000
شرق الرياض,148000,50000
شرق الرياض,155000,60000
شرق الرياض,160000,55000
شرق الرياض,150000,55000
شرق الرياض,140000,40000
شرق الرياض,130000,40000
شرق الرياض,145000,39996
شرق الرياض,130000,45000
شرق الرياض,131000,41000
شرق الرياض,175000,42000
شرق الرياض,180000,42000
شرق الرياض,150000,42000
شرق الرياض,40000,44000
شرق الرياض,160000,44000
شرق الرياض,130000,40000
شرق الرياض,245000,75000
شرق الرياض,55000,75000
شرق الرياض,250000,75000
شرق الرياض,210000,75000
شرق الرياض,240000,75000
شرق الرياض,225000,75000
شرق الرياض,300000,108153
شرق الرياض,225000,75000
شرق الرياض,210000,75000
شرق الرياض,235000,75001
شرق الرياض,235000,75001
شرق الرياض,230000,70000
شرق الرياض,300000,108153
شرق الرياض,240000,75000
شرق الرياض,300000,108153
شرق الرياض,350000,108153
شرق الرياض,300000,108153
شرق الرياض,245000,75000
شرق الرياض,250000,75000
شرق الرياض,240000,70000
شرق الرياض,220000,75000
شرق الرياض,205000,75000
شرق الرياض,240000,75000
شرق الرياض,235000,75000
شرق الرياض,280000,81000
شرق الرياض,300000,75000
شرق الرياض,260000,75000
شرق الرياض,280000,81000
شرق الرياض,350000,82500
شرق الرياض,300000,75000
شرق الرياض,150000,75000
شرق الرياض,270000,75000
شرق الرياض,250000,84000
شرق الرياض,280000,75000
شرق الرياض,200000,75250
شرق الرياض,285000,75000
شرق الرياض,285000,75000
شرق الرياض,100000,75000
شرق الرياض,230000,75000
شرق الرياض,282500,76800
شرق الرياض,230000,74400
شرق الرياض,270000,76800
شرق الرياض,250000,75000
شرق الرياض,250000,75200
شرق الرياض,183000,75200
شرق الرياض,100000,75200
شرق الرياض,280000,75200
شرق الرياض,250000,75900
شرق الرياض,20000,75900
شرق الرياض,150000,75950
شرق الرياض,270000,75200
شرق الرياض,200000,78000
شرق الرياض,270000,75000
شرق الرياض,200000,76800
شرق الرياض,300000,76135
شرق الرياض,260000,75000
شرق الرياض,150000,78000
شرق الرياض,310000,75000
شرق الرياض,100000,75000
شرق الرياض,150000,75000
شرق الرياض,100000,75000
شرق الرياض,280000,75000
شرق الرياض,378000,106431
شرق الرياض,255000,77550
شرق الرياض,200000,108916
شرق الرياض,250000,77550
شرق الرياض,290000,77550
شرق الرياض,360000,85290
شرق الرياض,280000,75000
شرق الرياض,300000,75000
شرق الرياض,100000,75000
شرق الرياض,260000,75000
شرق الرياض,235000,75000
شرق الرياض,300000,76500
شرق الرياض,290000,77433
شرق الرياض,340000,81000
شرق الرياض,380000,91621
شرق الرياض,240000,76500
شرق الرياض,280000,76500
شرق الرياض,370000,91621
شرق الرياض,24000,76500
شرق الرياض,290000,76500
شرق الرياض,300000,76500
شرق الرياض,300000,75000
شرق الرياض,245000,75900
شرق الرياض,300000,75000
شرق الرياض,300000,75000
شرق الرياض,200000,75000
شرق الرياض,250000,75000
شرق الرياض,350000,86013
شرق الرياض,295000,75000
شرق الرياض,380000,96000
شرق الرياض,200000,75000
شرق الرياض,20000,76500
شرق الرياض,290000,75578
شرق الرياض,200000,75000
شرق الرياض,225000,64500
شرق الرياض,230000,63000
شرق الرياض,240000,75000
شرق الرياض,100000,95040
شرق الرياض,300000,101794
شرق الرياض,380000,101794
شرق الرياض,260000,63000
شرق الرياض,200000,75000
شرق الرياض,205000,60000
شرق الرياض,243000,60000
شرق الرياض,245000,75000
شرق الرياض,240000,74550
شرق الرياض,250000,74550
شرق الرياض,200000,75000
شرق الرياض,250000,75000
شرق الرياض,255000,75000
شرق الرياض,248000,75000
شرق الرياض,235000,74750
شرق الرياض,200000,74750
شرق الرياض,240000,73500
شرق الرياض,235000,75000
شرق الرياض,240000,75000
شرق الرياض,255000,60000
شرق الرياض,230000,74750
شرق الرياض,210000,64500
شرق الرياض,230000,75000
شرق الرياض,265000,75000
شرق الرياض,300000,75000
شرق الرياض,245000,75000
شرق الرياض,245000,75000
شرق الرياض,215000,64500
شرق الرياض,240000,74750
شرق الرياض,250000,75000
شرق الرياض,255000,74550
شرق الرياض,230000,75250
شرق الرياض,225000,75250
طويق,1390000,30000
طويق,1000000,30000
طويق,900000,30000
طويق,788478,37500
طويق,3200000,96000
طويق,1211905,45000
طويق,932046,37500
طويق,1414183,37500
طويق,930000,37500
طويق,1000000,33750
طويق,1200000,49500
طويق,1074190,42000
طويق,800000,50000
طويق,800000,50000
طويق,800000,50000
طويق,800000,50000
طويق,800000,50000
طويق,539248,33703
طويق,517824,32364
طويق,810000,45000
طويق,90000,37500
طويق,850000,45000
طويق,500000,38250
طويق,750000,90000
طويق,1358872,30000
طويق,200000,30000
طويق,1250000,57894
طويق,817192,36000
طيبة,752457,26250
طيبة,457500,36615
عتيقة,500000,20680
عتيقة,200000,10500
عريض,275000,40000
عريض,140000,40000
عريض,250000,40000
عريض,100000,40000
عريض,295000,40000
عريض,280000,40000
عريض,230000,40000
عريض,270000,40000
عريض,180000,40000
عريض,400000,50000
عريض,100000,50000
عريض,400000,50000
عريض,390000,50000
عريض,100000,40000
عريض,500000,75000
عريض,500000,75000
عريض,650000,90000
عريض,520000,75000
عريض,20000,90000
عريض,400000,50000
عريض,350000,45000
عريض,600000,90000
عريض,440000,62500
عريض,350000,50000
عريض,320000,50000
عريض,430000,50000
عريض,375000,50000
عريض,300000,50000
عريض,300000,40000
عريض,300000,40000
عريض,365000,48000
عريض,200000,43200
عريض,300000,43200
عريض,170000,49500
عريض,310000,40500
عريض,290000,40500
عريض,325000,40500
عريض,350000,48000
عريض,250000,49500
عريض,360000,51600
عريض,280000,45000
عريض,350000,49500
عريض,330000,40500
عريض,200000,49500
عريض,320000,43200
عريض,320000,40500
عريض,340000,45000
عريض,320000,40500
عريض,425000,63550
عريض,320000,40500
عريض,400000,40500
عريض,315000,40500
عريض,330000,45000
عريض,250000,40500
عريض,560000,51000
عريض,200000,45000
عريض,295000,40500
عريض,300000,45000
عريض,330000,45000
عريض,345000,45000
عريض,130000,22354
عريض,300000,45000
عريض,10000,45000
عريض,10000,45000
عريض,310000,45000
عريض,100000,36000
عريض,100000,36000
عريض,100000,36000
عريض,200000,45000
عريض,330000,45000
عريض,50000,22500
عريض,290000,45000
عريض,200000,45000
عريض,300000,45000
عريض,300000,45000
عريض,300000,45000
عريض,360000,45000
عريض,310000,45000
عريض,310000,45000
عريض,170000,45000
عريض,200000,45000
عريض,340000,45000
عريض,200000,45000
عريض,20000,45000
عريض,100000,45000
عريض,310000,47500
عريض,300000,45000
عريض,300000,45000
عريض,295000,45000
عريض,310000,43200
عريض,300000,45000
عريض,200000,47010
عريض,300000,45000
عريض,80000,42500
عريض,240000,40000
عريض,150000,40000
عريض,120000,30000
عريض,220000,30000
عريض,100000,45000
عريض,100000,27000
عريض,240000,45000
عريض,250000,45000
عريض,250000,45000
عريض,200000,40050
عريض,190000,40050
عريض,95000,20475
عريض,95000,20475
عريض,95000,20475
عريض,95000,20475
عريض,120000,21600
عريض,140000,41400
عريض,150000,40050
عريض,150000,40000
عريض,120000,40800
عريض,50000,40000
عريض,100000,40800
عريض,240000,36000
عريض,350000,60000
عريض,170000,31879
عريض,250000,41400
عريض,260000,41400
عريض,250000,41400
عريض,80000,45120
عريض,200000,45120
عريض,250000,45000
عريض,250000,45000
عريض,195000,30000
عريض,165000,30000
عريض,190000,30000
عريض,100000,45000
عريض,205000,42528
عريض,160000,21264
عريض,220000,40000
عريض,205000,42500
عريض,200000,40000
عريض,220000,40000
عريض,200000,40000
عريض,160000,40000
عريض,150000,40000
عريض,212000,42500
عريض,100000,40000
عريض,500000,90000
عريض,300000,46092
عريض,190000,26250
عريض,610000,93600
عريض,610000,93600
عريض,350000,46500
عريض,280000,46500
عكاظ,1000000,42000
عكاظ,1388400,33750
عكاظ,1000000,40343
عكاظ,329875,22750
عكاظ,304500,21000
عكاظ,850500,81000
عكاظ,402000,27600
عكاظ,420000,30000
عكاظ,420000,30000
عكاظ,485352,34668
عكاظ,910000,65000
عكاظ,910000,65000
عكاظ,910000,65000
عكاظ,840000,60000
عكاظ,1000000,37500
عكاظ,902804,64486
عكاظ,380700,40500
عكاظ,408951,31455
عليشة,1700000,35204
عليشة,1150000,58901
غبيراء,450000,16500
غرناطة,1080000,33750
غرناطة,1080000,33750
غرناطة,1169798,31250
غرناطة,2054288,40600
قرطبة,405600,62400
قرطبة,2050000,31250
قرطبة,2872200,36000
قرطبة,661395,40008
قرطبة,450000,32500
قرطبة,550000,50750
قرطبة,1000000,29760
قرطبة,1920000,32500
قرطبة,1200000,37500
قرطبة,1125000,25000
قرطبة,1500000,75900
قرطبة,50000,20500
قرطبة,50000,20500
قرطبة,1200000,43750
قرطبة,505919,36000
لبن,1650000,90000
لبن,900000,45000
لبن,1000000,105000
لبن,1077722,90000
لبن,1300000,87500
لبن,440335,45000
لبن,2000000,90000
لبن,950000,90000
لبن,1787715,41250
لبن,780000,45000
لبن,1800000,62500
لبن,1330000,45000
لبن,2000000,97500
لبن,500000,45000
لبن,529681,20000
لبن,748754,20000
لبن,81000,20000
لبن,1222955,37500
لبن,400000,40000
لبن,900000,45000
لبن,2600000,90000
لبن,1000000,45000
لبن,800000,90000
لبن,1050000,40000
لبن,770000,45000
لبن,1510000,90000
لبن,2000000,90000
لبن,300000,36000
لبن,1800000,90000
لبن,1400000,30176
لبن,1469770,133300
لبن,1800000,45000
لبن,800000,90000
منفوحة,280000,25500
منفوحة,150000,12920
منفوحة,335000,21750
منفوحة,470000,49850
منفوحة,143300,11074
منفوحة,150000,17100
منفوحة,141600,17496
منفوحة,140000,9550
منفوحة,85000,12100
منفوحة,330000,11664
منفوحة,370000,11664
منفوحة,150000,6250
منفوحة,70000,14000
منفوحة,100000,14500
منفوحة,800000,11168
منفوحة,480000,12400
نمار,1000000,50080
نمار,696340,34817
نمار,1400000,45000
نمار,717400,42240
نمار,741813,45000
نمار,1500000,31250
نمار,400000,48300
نمار,1600000,107750
نمار,1300000,39000
نمار,200000,62500
نمار,450000,39550
نمار,425000,37500
نمار,400000,37500
نمار,700000,75000
نمار,400000,37500
نمار,540000,72250
نمار,100000,31926
نمار,333375,46526
نمار,300000,59248
نمار,300000,44392
نمار,400000,48640
نمار,423800,48640
نمار,350000,40500
نمار,419000,48640
نمار,437500,43750
نمار,437500,45000
نمار,437500,45000
نمار,437500,82980
نمار,200000,73600
نمار,780000,75000
نمار,370000,75000
نمار,550000,71460
نمار,390000,35730
نمار,360000,43750
نمار,360000,43750
نمار,850000,87500
نمار,1550000,229500
نمار,1700000,220500
نمار,700000,110250
نمار,1400000,202500
نمار,400000,43609
نمار,375000,43200
نمار,780000,90000
نمار,330000,43200
نمار,400000,93600
نمار,300000,43066
نمار,400000,45000
نمار,860000,90000
نمار,450000,45000
نمار,450000,45000
نمار,500000,62000
نمار,800000,75000
نمار,420000,37500
نمار,105000,37500
نمار,800000,75000
نمار,440000,37050
نمار,800000,75000
نمار,750000,75000
نمار,500000,75000
نمار,800000,75000
نمار,800000,87500
نمار,450000,45000
نمار,450000,45000
نمار,420000,45000
نمار,850000,89280
نمار,850000,89280
نمار,450000,43390
نمار,810000,80800
نمار,400000,43920
نمار,600000,85150
نمار,705000,86760
نمار,430000,43740
نمار,500000,84240
نمار,500000,41950
نمار,500000,43200
نمار,200000,45000
نمار,400000,89900
نمار,800000,87840
نمار,900000,90000
نمار,385500,45000
نمار,300000,45000
نمار,300000,45000
نمار,450000,46800
نمار,1000000,93790
نمار,750000,90000
نمار,875000,90000
نمار,465000,45000
نمار,465000,45000
نمار,500000,45000
نمار,476000,47700
نمار,500000,79178
نمار,200000,75000
نمار,200000,75000
نمار,230000,45000
نمار,400000,45000
نمار,400000,45000
نمار,520000,46000
نمار,800000,90000
نمار,400000,43200
نمار,826000,92160
نمار,400000,43200
نمار,530000,43750
نمار,603000,45000
نمار,1075000,93600
نمار,550000,41600
نمار,800000,90000
نمار,435000,49464
نمار,293000,45000
نمار,410000,46800
نمار,495000,46800
نمار,880000,90000
نمار,490000,45000
نمار,950000,95400
نمار,540000,54000
نمار,500000,82800
نمار,475000,47700
نمار,475000,47700
نمار,600000,93600
نمار,224391,36000
نمار,768250,30314
نمار,1000000,31012
نمار,657086,37500
نمار,400000,41306
هيت,2100000,750000
