أحد,600000,60000
أحد,640471,37500
أحد,5038000,540000
أخرى,11000000,140000
أخرى,100000,15085
أخرى,73000,7255
اشبيليا,2688000,84000
اشبيليا,821673,31250
اشبيليا,2065500,81000
اشبيليا,1858950,72900
اشبيليا,1350000,43877
اشبيليا,1170000,49200
اشبيليا,710000,37500
اشبيليا,1700000,43750
اشبيليا,1700000,59400
اشبيليا,633500,25000
اشبيليا,810000,30000
اشبيليا,1219405,50000
اشبيليا,844211,22500
الازدهار,600000,30000
الازدهار,950000,22000
الازدهار,500000,33750
الازدهار,3030000,84000
الامانة,500000,54000
الامانة,1848000,61600
الامانة,1800000,97200
الامانة,2080000,83200
الاندلس,1796000,45000
الاندلس,1800000,37500
الاندلس,4840000,180000
الاندلس,1300000,29700
الاندلس,150000,70070
الاندلس,2450000,75000
الاندلس,1500000,31250
البديعة,949761,50000
البديعة,900000,37500
البديعة,200000,37500
البديعة,200000,37500
البديعة,200000,37500
البديعة,200000,37500
البديعة,200000,37500
البديعة,200000,37500
البديعة,700000,75000
البديعة,860000,75000
البديعة,700000,86800
البديعة,765600,52800
البديعة,800400,55200
البديعة,750000,40000
البديعة,700000,40000
البديعة,800000,110000
البرية,700000,72000
البرية,105000,69000
البرية,150000,63000
البرية,735000,66000
البرية,305000,63000
البرية,350000,62500
البرية,14000000,1600000
البيان,50000,50000
البيان,793538,51196
البيان,1095000,27200
البيان,684000,36000
البيان,684000,36000
البيان,684000,36000
البيان,684000,36000
البيان,684000,36000
البيان,621980,31099
البيان,552000,27600
البيان,25000,39000
البيان,25000,51000
البيان,540000,36000
البيان,540000,36000
البيان,540000,36000
التعاون,2200000,50010
التعاون,1778322,42341
التعاون,2379930,56665
التعاون,1084104,25812
التعاون,1328838,31639
التعاون,2450000,32400
الجبس,230000,46247
الجرادية,1332500,23200
الجرادية,400000,26310
الجرادية,400000,18047
الجرادية,400000,19414
الجرادية,400000,17113
الجرادية,400000,19732
الجرادية,535000,20025
الجرادية,170000,11032
الجرادية,600000,27132
الجزيرة,300000,48400
الجزيرة,1200000,48400
الجزيرة,300000,48400
الجزيرة,300000,48400
الجزيرة,300000,48400
الجزيرة,300000,48400
الجزيرة,350000,48400
الجزيرة,300000,48400
الجزيرة,300000,48400
الجزيرة,300000,48400
الجزيرة,350000,48400
الجزيرة,350000,48400
الجزيرة,350000,48400
الجزيرة,300000,48400
الجزيرة,300000,48400
الجزيرة,350000,48400
الجزيرة,300000,48400
الجنادرية,960000,60000
الجنادرية,837000,45000
الجنادرية,837000,45000
الجنادرية,807697,32400
الجنادرية,200000,42000
الجنادرية,1000000,60000
الجنادرية,1478750,40500
الجنادرية,100000,40500
الجنادرية,1343899,40500
الجنادرية,1000000,40500
الجنادرية,1027185,42000
الجنادرية,756000,54000
الجنادرية,356250,37500
الجنادرية,356250,37500
الجنادرية,393750,37500
الجنادرية,393750,37500
الجنادرية,393750,37500
الجنادرية,393750,37500
الجنادرية,393750,37500
الجنادرية,393750,37500
الجنادرية,393750,37500
الجنادرية,393750,37500
الجنادرية,393750,37500
الجنادرية,393750,37500
الجنادرية,393750,37500
الجنادرية,393750,37500
الجنادرية,393750,37500
الجنادرية,393750,37500
الجنادرية,393750,37500
الجنادرية,393750,37500
الجنادرية,393750,37500
الجنادرية,393750,37500
الجنادرية,326088,37500
الجنادرية,326087,37500
الجنادرية,326087,37500
الجنادرية,393750,37500
الجنادرية,393750,37500
الجنادرية,393750,37500
الجنادرية,393750,37500
الجنادرية,393750,37500
الجنادرية,393750,37500
الجنادرية,393750,37500
الجنادرية,356250,37500
الجنادرية,356250,37500
الجنادرية,342750,37500
الجنادرية,342750,37500
الجنادرية,342750,37500
الجنادرية,342750,37500
الجنادرية,342750,37500
الجنادرية,342750,37500
الجنادرية,342750,37500
الجنادرية,342750,37500
الجنادرية,412500,37500
الجنادرية,431250,37500
الجنادرية,356250,37500
الجنادرية,342750,37500
الجنادرية,300000,37500
الجنادرية,300000,37500
الجنادرية,356250,37500
الجنادرية,356250,37500
الجنادرية,356250,37500
الجنادرية,356250,37500
الجنادرية,393750,37500
الجنادرية,393750,37500
الجنادرية,393750,37500
الجنادرية,393750,37500
الجنادرية,393750,37500
الجنادرية,393750,37500
الجنادرية,393750,37500
الجنادرية,393750,37500
الجنادرية,393750,37500
الجنادرية,393750,37500
الجنادرية,393750,37500
الجنادرية,393750,37500
الجنادرية,269545,26953
الجنادرية,150000,27032
الجنادرية,190804,26952
الجنادرية,150000,27039
الجنادرية,390804,26951
الجنادرية,376828,27046
الجنادرية,404000,26950
الجنادرية,237250,27053
الجنادرية,404485,26949
الجنادرية,237250,27060
الجنادرية,300000,26948
الجنادرية,257206,27067
الجنادرية,300000,26946
الجنادرية,377314,27073
الجنادرية,350000,26945
الجنادرية,377440,27080
الجنادرية,350000,26944
الجنادرية,377566,27087
الجنادرية,304145,26943
الجنادرية,377692,27094
الجنادرية,261485,26942
الجنادرية,300000,27403
الجنادرية,265458,27169
الجنادرية,428306,29336
الجنادرية,446410,30576
الجنادرية,446658,30593
الجنادرية,446906,30610
الجنادرية,447169,30628
الجنادرية,447432,30646
الجنادرية,44768,30663
الجنادرية,447928,30680
الجنادرية,460455,30697
الجنادرية,424240,30528
الجنادرية,487134,31428
الجنادرية,351915,31538
الجنادرية,200000,22906
الجنادرية,200000,23483
الجنادرية,281882,29443
الجنادرية,340475,29365
الجنادرية,316598,29334
الجنادرية,427795,29301
الجنادرية,438775,29253
الجنادرية,438075,29205
الجنادرية,425707,29158
الجنادرية,43650,29110
الجنادرية,435930,29062
الجنادرية,441285,29419
الجنادرية,300000,29991
الجنادرية,300000,29992
الجنادرية,300000,30966
الجنادرية,300000,29993
الجنادرية,300000,30182
الجنادرية,300000,29994
الجنادرية,300000,30000
الجنادرية,300000,29995
الجنادرية,150000,29995
الجنادرية,150000,27025
الجنادرية,150000,29996
الجنادرية,150000,29997
الجنادرية,150000,29998
الجنادرية,150000,30000
الجنادرية,150000,30000
الجنادرية,150000,30000
الجنادرية,150000,36301
الجنادرية,967980,74532
الجنادرية,400000,180129
الجنادرية,500000,243566
الحائر,16000,58800
الحائر,16500,58800
الحائر,200000,75600
الحائر,200000,43737
الحائر,100000,30000
الحائر,88400,32471
الحزم,1200000,75000
الحزم,885500,80500
الحزم,885500,80500
الحزم,792000,72000
الحزم,792000,72000
الحزم,792000,72000
الحزم,792000,72000
الحزم,612000,72000
الحزم,792000,72000
الحزم,800000,40000
الحزم,614400,38400
الحزم,500000,31250
الحزم,500000,31250
الحزم,651000,42000
الحزم,689750,44500
الحمراء,10000,112875
الحمراء,3350000,61875
الحمراء,1000000,29912
الحمراء,1307250,31500
الخالدية,130000,13500
الخالدية,140000,9375
الخزامى,3625730,150000
الخزامى,1800000,35000
الخزامى,28595000,665000
الخليج,7500000,450000
الخليج,1300000,62500
الخليج,2400000,90000
الخليج,1000000,90000
الخليج,1778251,70000
الخليج,850000,30000
الخير,1150000,90000
الخير,780000,80000
الخير,40000,84000
الخير,1800000,113838
الخير,800000,80000
الخير,800000,84000
الخير,2800000,259000
الخير,40000,160000
الخير,40000,240000
الخير,80000,93750
الخير,1250000,93045
الخير,1250000,93045
الخير,550000,32339
الخير,550000,53991
الخير,850000,84000
الخير,1025000,81250
الخير,1025000,81250
الخير,1025000,94500
الخير,1000000,81250
الخير,850000,93750
الخير,482000,43750
الخير,482000,43750
الخير,250000,27600
الخير,465000,43750
الخير,900000,87500
الخير,900000,87500
الخير,900000,87500
الخير,500000,87500
الخير,890000,93430
الخير,750000,72000
الخير,225000,36000
الخير,475000,43750
الخير,475000,43750
الخير,490000,42000
الخير,515000,45500
الخير,515000,45500
الخير,460000,43750
الخير,700000,77740
الخير,800000,77740
الخير,270000,45500
الخير,1025000,84000
الخير,10000,43750
الخير,1000000,100000
الخير,850000,90000
الخير,850000,87500
الخير,520000,42105
الخير,910000,91000
الخير,200000,91000
الخير,200000,91000
الخير,900000,87500
الخير,900000,87500
الخير,800000,87500
الخير,610000,60000
الخير,940000,87500
الخير,920000,87500
الخير,780953,87500
الخير,300000,30000
الخير,1000000,87500
الخير,470000,43079
الخير,470000,42000
الخير,530000,42000
الخير,570000,42000
الخير,750000,76480
الخير,420000,45500
الخير,960000,91000
الخير,480000,47250
الخير,560000,65625
الخير,460000,43750
الخير,460000,43750
الخير,400000,42000
الخير,900000,87500
الخير,820000,87500
الخير,450000,45500
الخير,500000,40980
الخير,500000,51227
الخير,500000,51227
الخير,485000,45500
الخير,500000,45500
الخير,550000,41636
الخير,40000,189000
الخير,325000,37500
الخير,325000,37500
الخير,600000,75000
الخير,530000,78000
الخير,250000,39000
الخير,380000,39000
الخير,500000,40500
الخير,375000,37500
الخير,375000,37500
الخير,700000,75000
الخير,730000,86900
الخير,625000,72000
الخير,625000,72000
الخير,620000,72000
الخير,300000,71050
الخير,340000,36250
الخير,350000,38446
الخير,320000,36750
الخير,310000,36750
الخير,515000,79050
الخير,565000,77673
الخير,680000,73500
الخير,680000,73500
الخير,200000,36750
الخير,340000,36750
الخير,410000,40500
الخير,350000,36750
الخير,330000,38400
الخير,330000,40000
الخير,590000,78399
الخير,653333,81000
الخير,653333,81000
الخير,790000,81000
الخير,653333,81000
الخير,790000,81000
الخير,290000,36000
الخير,600000,71200
الخير,265000,34803
الخير,280000,34944
الخير,630000,51414
الخير,2300000,446558
الخير,280000,38750
الخير,250000,42000
الخير,250000,42000
الخير,580000,75000
الخير,300000,39000
الخير,300000,39000
الخير,625000,91800
الخير,625000,91800
الخير,282500,40500
الخير,200000,37500
الخير,200000,37500
الخير,290000,41847
الخير,585000,90000
الخير,276190,42000
الخير,285000,42000
الخير,500000,75000
الخير,480000,75000
الخير,260000,37500
الخير,300000,37500
الخير,340000,40500
الخير,280000,37500
الخير,520000,76500
الخير,550000,78000
الخير,200000,37500
الخير,280000,37500
الخير,10000,39000
الخير,390000,76500
الخير,300000,41250
الخير,310000,41250
الخير,257500,37500
الخير,257500,37500
الخير,257500,37500
الخير,257500,37500
الخير,257500,37500
الخير,257500,37500
الخير,257000,37500
الخير,257000,37500
الخير,550000,75000
الخير,290000,39000
الخير,280000,39000
الخير,380000,80918
الخير,380000,80918
الخير,380000,75000
الخير,380000,75000
الخير,380000,75000
الخير,380000,75001
الخير,380000,75000
الخير,380000,75000
الخير,380000,75000
الخير,380000,75000
الخير,550000,82500
الخير,280000,40500
الخير,500000,75000
الخير,10000,38150
الخير,100000,41250
الخير,475000,75000
الخير,530000,75000
الخير,555000,75000
الخير,419047,60000
الخير,450000,60000
الخير,200000,40814
الخير,345000,40500
الخير,300000,40831
الخير,350000,60000
الخير,350000,60000
الخير,350000,60000
الخير,350000,60000
الخير,350000,60000
الخير,350000,60000
الخير,350000,60000
الخير,350000,60000
الخير,350000,60000
الخير,350000,60000
الخير,350000,60000
الخير,350000,60000
الخير,350000,60000
الخير,350000,60000
الخير,350000,68430
الخير,350000,68430
الخير,310000,39750
الخير,600000,90287
الخير,500000,75000
الخير,270000,40500
الخير,200000,39750
الخير,200000,39750
الخير,300000,39750
الخير,300000,39750
الخير,270000,37500
الخير,330000,39000
الخير,150000,37500
الخير,285750,37500
الخير,150000,37500
الخير,500000,44215
الخير,500000,82500
الخير,455000,75000
الخير,400000,50010
الخير,95000,75000
الخير,450000,75000
الخير,450000,75000
الخير,380000,59041
الخير,370000,73839
الخير,500000,75000
الخير,310000,40000
الخير,505000,54132
الخير,406250,66832
الخير,406250,67034
الخير,406250,67233
الخير,406250,75000
الخير,406250,75000
الخير,406250,75000
الخير,406250,75000
الخير,406250,75000
الخير,406250,75000
الخير,406250,75000
الخير,406250,75000
الخير,406250,75000
الخير,406250,75000
الخير,406250,75000
الخير,406250,75000
الخير,406250,71241
الخير,300000,37500
الخير,300000,37500
الخير,300000,37500
الخير,300000,37500
الخير,580000,81123
الخير,200000,84750
الخير,500000,75000
الخير,280000,37500
الخير,475000,72000
الخير,560000,75000
الخير,350000,45000
الخير,609523,75000
الخير,370000,75000
الخير,550000,75000
الخير,330000,37500
الخير,300000,75000
الخير,500000,75000
الخير,310000,37500
الخير,285714,37500
الخير,700000,97980
الخير,555000,75570
الخير,555000,75570
الخير,285000,37500
الخير,500000,75000
الخير,500000,75000
الخير,425000,75000
الخير,425000,75000
الخير,425000,75000
الخير,425000,75000
الخير,580000,75000
الخير,580000,75000
الخير,580000,75000
الخير,580000,75000
الخير,580000,75000
الخير,590000,75000
الخير,580000,75000
الخير,590000,75000
الخير,300000,37500
الخير,300000,37500
الخير,260000,36000
الخير,280000,37500
الخير,250000,37500
الخير,500000,75000
الخير,280000,37500
الخير,322000,37500
الخير,620000,74423
الخير,325000,37500
الخير,420000,63248
الخير,280000,37500
الخير,571428,75000
الخير,655000,95680
الخير,655000,97050
الخير,530000,79530
الخير,200000,37500
الخير,200000,37500
الخير,880000,86145
الخير,545000,75000
الخير,500000,75200
الخير,500000,75200
الخير,600000,75950
الخير,665000,67394
الخير,665000,67394
الخير,550000,75000
الخير,550000,75000
الخير,523750,75000
الخير,500000,75000
الخير,500000,75000
الخير,50000,75950
الخير,650000,90972
الخير,650000,97909
الخير,320000,40500
الخير,315000,37500
الخير,305000,45000
الخير,600000,75000
الخير,375000,87500
الخير,580000,87500
الخير,920000,88500
الخير,590000,78000
الخير,500000,78000
الخير,310000,37500
الخير,305000,37500
الخير,465000,75000
الخير,465000,72500
الخير,465000,75000
الخير,465000,72500
الخير,465000,75000
الخير,465000,72500
الخير,465000,75000
الخير,315000,37500
الخير,500000,50000
الخير,337500,37500
الخير,570000,87500
الخير,480000,75000
الخير,480000,75000
الخير,480000,74484
الخير,480000,73968
الخير,480000,84907
الخير,480000,70746
الخير,480000,75000
الخير,480000,75000
الخير,480000,75000
الخير,480000,75000
الخير,450000,62748
الخير,480000,77710
الخير,480000,78226
الخير,480000,75000
الخير,480000,75000
الخير,480000,75000
الخير,750000,106400
الخير,750000,106400
الخير,200000,42500
الخير,300000,84598
الخير,580000,75000
الخير,580000,75000
الخير,320000,37500
الخير,700000,87500
الدار البيضاء,400000,60000
الدار البيضاء,200000,25000
الدار البيضاء,500000,25000
الدار البيضاء,600000,25000
الدار البيضاء,600000,25000
الدار البيضاء,463514,37500
الدار البيضاء,1050000,75000
الدار البيضاء,966630,30000
الدار البيضاء,700000,31250
الدار البيضاء,355005,44100
الدار البيضاء,1460373,32500
الدار البيضاء,690000,37500
الدار البيضاء,230000,25000
الدار البيضاء,800000,57882
الدار البيضاء,650000,36995
الدار البيضاء,1180000,29000
الدار البيضاء,350000,40000
الدريهمية,10000,32500
الدريهمية,609000,44000
الدريهمية,690000,56320
الرائد,4000000,48000
الرائد,5850000,150000
الرائد,3075000,75000
الرابية,240000,40000
الرابية,140000,40800
الرابية,245000,40000
الرابية,35000,40000
الرابية,100000,40000
الرابية,170000,40000
الرابية,200000,40000
الرابية,185000,40000
الرابية,220000,40000
الرابية,230000,40000
الرابية,210000,40000
الرابية,240000,40000
الرابية,230000,40000
الرابية,60000,40000
الرابية,60000,40000
الرابية,165000,40375
الرابية,200000,40375
الرابية,220000,40000
الرابية,200000,40050
الرابية,100000,40000
الرابية,250000,41400
الرابية,200000,41400
الرابية,150000,41400
الرابية,235000,43448
الرابية,250000,41400
الرابية,250000,41400
الرابية,120000,41400
الرابية,250000,41400
الرابية,210000,41400
الرابية,250000,41400
الرابية,200000,88500
الرابية,420000,90000
الرابية,450000,90000
الرابية,428000,90000
الرابية,238000,45000
الرابية,305000,90000
الرابية,450000,90000
الرابية,450000,90000
الرابية,400000,93000
الرابية,212500,45500
الرابية,200000,45000
الرابية,150000,45000
الرابية,200000,45225
الرابية,210000,45225
الرابية,200000,45000
الرابية,185000,45375
الرابية,345000,90000
الرابية,212500,45500
الرابية,420000,90000
الرابية,500000,90000
الرابية,175000,46200
الرابية,200000,46200
الرابية,150000,40000
الرابية,90000,20000
الرابية,195000,41520
الرابية,225000,41520
الرابية,130000,20000
الرابية,200000,44700
الرابية,210000,40000
الرابية,195000,42599
الرابية,210000,42599
الرابية,105000,42599
الرابية,210000,43200
الرابية,95000,42000
الرابية,90000,40750
الرابية,112000,41693
الرابية,213000,41408
الرابية,205000,40000
الرابية,200000,42500
الرابية,100000,40000
الرابية,200000,41424
الرابية,200000,40000
الرابية,210000,40000
الرابية,140000,41129
الرابية,200000,40000
الرابية,101000,55800
الرابية,20000,40000
الرابية,200000,47359
الرابية,200000,40000
الرابية,220000,40000
الرابية,220000,40000
الرابية,250000,49080
الرابية,50000,90000
الرابية,450000,90000
الرابية,450000,90000
الرابية,270000,45000
الربوة,1350000,45000
الربوة,1450000,62500
الربوة,1350000,65000
الربوة,6750000,736000
الربوة,830000,22275
الربوة,1450000,52946
الربوة,700000,24000
الربوة,2000000,133250
الربوة,1800000,62500
الربيع,1789680,43276
الربيع,1644300,39150
الربيع,1200000,40035
الرحمانية,1200000,43500
الرحمانية,6300000,177870
الرحمانية,6929550,256650
الرحمانية,500000,70000
الرحمانية,6270000,165000
الرحمانية,750000,70000
الرحمانية,6300000,66000
الرفيعة,2456300,169400
الرفيعة,11933872,1634777
الرفيعة,1000000,51000
الرفيعة,29495526,4040483
الرفيعة,11319431,1550607
الرفيعة,7770748,1064486
الرفيعة,450000,25000
الرفيعة,450000,25000
الرفيعة,750000,27000
الرفيعة,552000,34500
الرمال,1000000,193875
الرمال,500000,167500
الرمال,500000,247500
الرمال,1262500,62500
الرمال,800000,62500
الرمال,1000000,325000
الرمال,3375000,312500
الرمال,1620000,120000
الرمال,877500,39000
الرمال,1071000,51000
الرمال,14525000,9112235
الرمال,250000,1006600
الرمال,1247032,67773
الرمال,1247032,88106
الرمال,1368000,85800
الرمال,1368000,85800
الرمال,868000,56000
الرمال,1150000,70000
الرمال,1030000,49700
الرمال,200000,51750
الرمال,912000,48000
الرمال,409500,50663
الرمال,470155,32878
الرمال,1000000,40575
الرمال,1056759,48000
الرمال,1306100,44800
الرمال,1000000,35000
الرمال,753500,21600
الرمال,2808000,175500
الرمال,2870400,179400
الرمال,1000000,74750
الرمال,666000,36800
الرمال,800258,37049
الرمال,300000,30000
الرمال,300000,30000
الرمال,300000,30000
الرمال,300000,30000
الرمال,300000,30000
الرمال,300000,30000
الرمال,300000,30000
الرمال,300000,30000
الرمال,300000,30000
الرمال,300000,30000
الرمال,300000,30000
الرمال,300000,30000
الرمال,300000,30000
الرمال,300000,30000
الرمال,300000,30000
الرمال,295500,29550
الرمال,300000,30000
الرمال,295500,29550
الرمال,300000,30000
الرمال,594000,33000
الرمال,660000,33000
الرمال,660000,33000
الرمال,732450,38550
الرمال,741000,39000
الرمال,732450,38550
الرمال,534375,28125
الرمال,534375,28125
الرمال,534375,28125
الرمال,534375,28125
الرمال,562500,28125
الرمال,562500,28125
الرمال,562500,28125
الرمال,562500,28125
الرمال,562500,28125
الرمال,562500,28125
الرمال,562500,28125
الرمال,562500,28125
الرمال,562500,28125
الرمال,562500,28125
الرمال,771000,38550
الرمال,780000,39000
الرمال,771000,38550
الرمال,636900,28950
الرمال,554400,25200
الرمال,636900,28950
الرمال,550000,25000
الرمال,550000,25000
الرمال,585000,30000
الرمال,510000,30000
الرمال,700000,44183
الرمال,600000,30000
الرمال,725400,36400
الرمال,550400,34440
الرمال,540000,36000
الرمال,721500,39000
الرمال,666000,36000
الرمال,666000,36000
الرمال,604800,36000
الرمال,666000,36000
الرمال,516000,24000
الرمال,656250,37500
الرمال,200000,33534
الرمال,900000,42422
الرمال,588513,35668
الرمال,667833,39990
الرمال,558960,34935
الرمال,570000,34868
الرمال,558080,34880
الرمال,400000,36000
الرمال,585000,30000
الرمال,500000,30000
الرمال,300000,25000
الرمال,440000,30000
الرمال,400000,30000
الرمال,400000,31200
الرمال,450000,30000
الرمال,450000,30000
الرمال,360000,24000
الرمال,390000,26000
الرمال,390000,26000
الرمال,360000,24000
الرمال,586950,27300
الرمال,467000,30000
الرمال,466000,30000
الرمال,467000,30000
الرمال,600000,30000
الرمال,600000,30000
الرمال,600000,30000
الرمال,476700,21867
الرمال,475000,31250
الرمال,475000,31250
الرمال,467454,23972
الرمال,525000,26250
الرمال,525000,26250
الرمال,570000,30813
الرمال,600000,30000
الرمال,600000,30000
الرمال,600000,30000
الرمال,600000,30000
الرمال,616500,30825
الرمال,647325,30825
الرمال,664000,40000
الرمال,996000,60000
الرمال,996000,60000
الرمال,816139,49165
الرمال,836440,50400
الرمال,996000,60000
الرمال,996000,60000
الرمال,9959104,599946
الرمال,11717608,705880
الرمال,11678166,703504
الرمال,11677652,703473
الرمال,11699680,704800
الرمال,14420785,868722
الرمال,10607051,638979
الرمال,10523670,633956
الرمال,17072602,1028470
الرمال,1672881,100776
الرمال,2988000,180000
الرمال,3245593,223834
الرمال,3822258,263604
الرمال,4648000,280000
الرمال,1000000,60000
الرمال,1000000,41400
الرمال,712800,39600
الرمال,693000,39600
الرمال,693000,39600
الرمال,712800,39600
الرمال,712800,39600
الرمال,693000,39600
الرمال,1580780,79039
الرمال,744000,37200
الرمال,2021589,28800
الرمال,1186000,33000
الرمال,1186000,33000
الرمال,1000000,33000
الرمال,580863,24883
الرمال,958100,33932
الرمال,2520000,90000
الرمال,736845,49123
الرمال,1090439,42900
الرمال,782100,52140
الرمال,702023,47434
الرمال,742501,50169
الرمال,942000,25878
الرمال,50000,25878
الرمال,1660000,48000
الرمال,1050000,26400
الرمال,1023180,25575
الرمال,1097600,33000
الرمال,10000,45000
الرمال,1071416,48262
الرمال,778500,38925
الرمال,957600,42000
الرمال,1123628,49939
الرمال,1774215,78854
الرمال,718750,31250
الرمال,1560000,75000
الرمال,200000,31250
الرمال,200000,31250
الرمال,200000,31250
الرمال,648000,30000
الرمال,781250,31250
الرمال,870000,37500
الرمال,882000,36000
الرمال,673237,30190
الرمال,597863,26810
الرمال,750000,37500
الرمال,1537500,75000
الرمال,1400000,34563
الرمال,685871,33457
الروابى,1333750,48500
الروابى,1411374,50000
الروابى,1000000,62500
الروابى,1100000,30000
الروابى,1350000,45000
الروابى,2000000,47175
الروابى,1500000,33750
الروابى,2600000,90000
الروابى,585000,22500
الروابى,585000,22500
الروضة,872120,57500
الروضة,797550,31902
الروضة,1357000,46000
الروضة,1200000,54000
الروضة,2112000,96000
الروضة,200000,160318
الروضة,6084000,338000
الريان,2212500,75000
الريان,1360800,50400
الريان,800000,50000
الريان,703650,50000
الريان,2200000,84000
الريان,2100000,35045
الريان,27500000,495300
الريان,2000000,60000
الزاهر,340000,90000
الزهرة,720000,50000
الزهرة,600000,39600
الزهرة,700000,50000
الزهرة,550000,40000
الزهرة,1900000,100000
الزهرة,1225000,62500
الزهور,375000,45000
الزهور,300000,45000
الزهور,300000,45000
الزهور,100000,47500
الزهور,270000,45000
الزهور,200000,45500
الزهور,335000,45500
الزهور,620000,91000
الزهور,650000,91000
الزهور,80000,42000
الزهور,90000,42000
الزهور,245000,45000
الزهور,275000,45000
الزهور,275000,45000
الزهور,285000,90000
الزهور,300000,90000
الزهور,600000,90000
الزهور,130000,24000
الزهور,215000,44594
الزهور,200000,53874
السعادة,632000,46000
السعادة,850000,50000
السعادة,1000000,60000
السعادة,941452,31250
السعادة,2325487,125702
السعادة,1200000,39200
السلام,400000,30000
السلام,400000,30000
السلام,400000,30000
السلام,400000,30000
السلام,1000000,74400
السلام,750000,30000
السلام,1300000,27500
السلام,772800,27600
السلام,1250000,30000
السلام,1034000,37500
السلام,1850000,75000
السلى,700000,54000
السلى,8500000,250000
السلى,2256000,96000
السلى,1500000,75000
السلى,1575000,75000
السلى,700000,37980
السلى,590000,37500
السلى,50000,150700
السلى,1125000,37500
السلى,50000,120000
السليمانية,2500000,87500
السليمانية,1000000,63000
السليمانية,3100000,72000
السليمانية,1100000,31250
السليمانية,1522500,43500
السليمانية,1522500,43500
السليمانية,1100000,21600
السليمانية,3450000,75000
السليمانية,1720000,30000
السليمانية,1600000,40434
السليمانية,2100000,50000
السليمانية,2500000,125000
السويدى,425000,29850
السويدى,725000,50000
السويدى,650000,50000
السويدى,572040,63560
السويدى,504000,56000
السويدى,496575,55175
السويدى,390000,45755
السويدى,1035073,75000
السويدى,500000,40000
السويدى,400000,62500
السويدى,1500000,62500
السويدى,480000,24000
السويدى,1000000,25000
السويدى,700000,35000
السويدى,1050000,50000
السويدى,1475000,50000
السويدى,1475000,50000
السويدى,675000,50000
السويدى,1100000,114828
السويدى,681000,68143
السويدى,390000,30509
السويدى,523000,44242
السويدى,484000,44016
السويدى,500000,48763
الشرفية,870000,60000
الشرفية,228500,12900
الشرق,350000,37500
الشرق,700000,43750
الشرق,786000,43750
الشرق,50000,42000
الشرق,50000,45000
الشرق,100000,45000
الشرق,240000,45000
الشرق,90000,37500
الشرق,130000,37500
الشفاء,650000,29588
الشفاء,800000,50000
الشفاء,1250000,125000
الشفاء,600000,52500
الشفاء,10000,52800
الشفاء,500000,37500
الشفاء,750011,56000
الشفاء,1500000,68750
الشفاء,980000,49500
الشفاء,20000,2760
الشفاء,582250,32625
الشفاء,650000,43350
الشفاء,660000,52500
الشفاء,180000,35500
الشفاء,650000,50000
الشفاء,800000,95000
الشفاء,270000,30000
الشفاء,270000,30000
الشفاء,270000,30000
الشفاء,270000,30000
الشفاء,10000,43750
الشفاء,2791429,87500
الشفاء,450000,87500
الشفاء,870000,21875
الشفاء,800000,105000
الشفاء,800000,65797
الشفاء,1360126,30175
الشفاء,700000,90053
الشمال,1015000,70000
الشميسى,40000,4597
الشهداء,1390000,31250
الشهداء,825794,42500
الشهداء,1300000,42500
الشهداء,1000000,42500
الشهداء,900000,35000
الصالحية,165000,9800
الصحافة,1650000,30000
الصحافة,1200000,29000
الصحافة,1200000,29000
الصحافة,1850000,31250
الصحافة,533859,28875
الصحافة,1859375,62500
الصحافة,6400000,80000
الصحافة,30000000,80600
الصحافة,3735000,90000
الصحافة,1273027,37500
الصناعية,100000,199960
الضباط,6131104,218968
الضباط,3250000,40000
الضباط,1500000,55200
الضباط,850000,45000
الضباط,1250000,55200
الضباط,1500000,57310
الطويلعة,190000,13200
العارض,1900000,32500
العارض,2673000,89100
العارض,1280000,27816
العارض,1112059,21000
العارض,1900000,30038
العارض,1930000,30038
العارض,1450000,22500
العارض,1275000,25000
العارض,1420139,30600
العارض,1499434,30600
العارض,2000000,35963
العارض,1850000,29000
العارض,1800000,29000
العارض,2300000,35450
العارض,2450000,40600
العارض,2450000,40600
العارض,2160900,88200
العارض,3498600,142800
العارض,3498600,142800
العارض,3890600,158800
العارض,1460000,32400
العارض,1460000,32400
العارض,1460000,32400
العارض,1460000,32400
العارض,1460000,32400
العارض,1460000,32400
العارض,1460000,32400
العارض,1460000,32400
العارض,1460000,32400
العارض,1460000,32400
العارض,1460000,32400
العارض,1460000,32400
العارض,1460000,42898
العارض,1730000,32400
العارض,1460000,32400
العارض,1460000,32400
العارض,1460000,32400
العارض,1460000,38538
العارض,1203659,25000
العارض,1500000,34544
العارض,1380124,39900
العريجاء,850000,31250
العريجاء,740000,62500
العريجاء,1000000,50000
العريجاء,900000,40000
العريجاء,600000,40000
العريجاء,500000,40000
العريجاء,390000,40000
العريجاء,65000,40000
العريجاء,800000,40000
العريجاء,650000,40000
العريجاء,350000,40000
العريجاء,550000,40000
العريجاء,530000,41800
العريجاء,1000000,40000
العريجاء,880574,40000
العريجاء,400000,40000
العريجاء,570000,46200
العريجاء,880000,20000
العريجاء,300000,40000
العريجاء,580000,40000
العريجاء,250000,40000
العريجاء,180000,40000
العريجاء,200000,22000
العريجاء,700000,40000
العريجاء,345000,40000
العريجاء,680000,40000
العريجاء,1000000,92000
العريجاء,272000,40000
العريجاء,550000,40000
العريجاء,670000,40000
العريجاء,528000,66000
العريجاء,528000,66000
العريجاء,660000,40000
العريجاء,600000,40000
العريجاء,45000,30000
العريجاء,700000,40000
العريجاء,600000,40000
العريجاء,465000,40000
العريجاء,640000,39000
العزيزية,410000,31250
العزيزية,550000,32502
العزيزية,1361250,82500
العزيزية,1500000,90000
العزيزية,830000,50000
العزيزية,977500,57500
العزيزية,650000,114800
العزيزية,1427344,62500
العزيزية,1160000,42000
العزيزية,1300000,124500
العزيزية,281707,37500
العزيزية,500000,52500
العزيزية,1142454,37500
العزيزية,485000,35640
العزيزية,485000,34650
العزيزية,1200000,58800
العزيزية,500000,39000
العقيق,1000000,30000
العقيق,1500000,40000
العقيق,285299,45000
العقيق,1000000,40000
العقيق,1000000,40000
العقيق,12000000,300000
العقيق,24000000,600000
العلا,222000,40500
العليا,7500000,22330
العليا,1200000,40000
العليا,1150000,31000
العليا,1754840,50000
العليا,2277000,66000
العليا,1575000,44200
العليا,2480000,26250
العليا,4600000,122200
العليا,12166340,328820
العليا,7454425,298177
العليا,1562925,54000
العليا,750000,15000
العوالي,600000,54000
العوالي,400000,45000
العوالي,820000,50000
العوالي,1300000,45000
العوالي,1800000,45000
العوالي,810000,45000
العوالي,810000,45000
العوالي,810000,45000
العوالي,810000,45000
العوالي,885816,41010
العوالي,890000,40800
العوالي,505963,20000
الغروب,50000,40348
الغروب,1074417,39000
الغروب,800000,39000
الغنامية,20000,16000
الغنامية,100000,19200
الغنامية,100000,16000
الغنامية,200000,58060
الغنامية,50000,40000
الغنامية,42500,16000
الغنامية,50000,16000
الغنامية,205000,66760
الغنامية,160000,54000
الغنامية,160000,64000
الغنامية,160000,62100
الغنامية,220000,67500
الغنامية,95500,27520
الغنامية,95500,21760
الغنامية,320000,16000
الغنامية,100000,19200
الغنامية,120000,35200
الغنامية,150000,54000
الغنامية,120000,30000
الغنامية,50000,54995
الغنامية,100000,60000
الغنامية,140000,32400
الغنامية,90000,30000
الفاخرية,390000,39100
الفاروق,1150000,105000
الفلاح,780000,43750
الفلاح,1600000,35000
الفلاح,500000,49820
الفلاح,5120000,128000
الفلاح,1743750,38750
الفلاح,1960000,33750
الفوطة,350000,11200
الفوطة,500000,10400
الفيحاء,100000,27600
الفيصلية,1000000,121875
الفيصلية,2000000,282000
القادسية,415000,43750
القادسية,430000,43750
القادسية,2123248,62500
القادسية,637500,37500
القادسية,700000,40000
القادسية,400000,40000
القادسية,1000000,39990
القادسية,932750,45500
القادسية,457474,41850
القدس,2922500,90000
القدس,1400000,90000
القدس,2750000,90000
القدس,3100000,90000
القدس,2600000,90000
القدس,1653000,75000
القدس,3000000,75000
القدس,1750000,59004
القدس,1920000,60000
القيروان,1700000,20000
القيروان,5000000,122500
القيروان,3870000,90000
القيروان,1683500,45500
القيروان,2010000,56955
القيروان,370000,42000
القيروان,650000,39600
القيروان,3150000,33350
القيروان,2850000,31200
القيروان,3558250,82750
القيروان,2450000,31938
القيروان,1280738,31238
القيروان,1780800,42400
القيروان,2226000,53000
القيروان,1335600,31800
القيروان,2200000,33800
القيروان,1300000,32500
القيروان,1300000,32500
القيروان,1229575,31937
القيروان,1348750,32500
القيروان,245617,45064
القيروان,2600000,35420
القيروان,2425000,36000
المحمدية,6500000,149880
المحمدية,7200000,90000
المدينة الصناعية الج…,11255000,729000
المربع,2050000,106400
المربع,900000,50000
المرسلات,812000,28000
المرسلات,7500000,150000
المرسلات,3750000,75000
المرسلات,2100000,70000
المرقب,420000,10170
المروة,750000,28750
المروة,700000,28750
المروة,370000,30000
المروج,2247944,37500
المروج,3800000,91000
المروج,900000,36000
المروج,800000,40950
المروج,1480000,36400
المشاعل,800000,62000
المشاعل,790000,80000
المشاعل,3000000,209375
المصفاة,220000,55000
المصفاة,360000,90000
المصفاة,120000,29995
المصفاة,120000,29545
المصفاة,240000,59990
المصفاة,100000,59990
المصفاة,50000,59990
المصفاة,370000,59540
المصفاة,200000,59990
المصفاة,467922,179970
المصفاة,743876,239960
المصفاة,100000,44000
المصفاة,210000,53000
المصيف,300000,23000
المصيف,1800000,69000
المصيف,1100000,36000
المصيف,1350000,28000
المعذر,500000,15000
المعذر,1500000,60000
المعذر,3100000,33000
المعذر,7854000,178500
المعذر,1000000,40000
المعيزلية,565000,22100
المعيزلية,1280053,37500
المعيزلية,1000000,61250
المعيزلية,200000,35355
المعيزلية,1850000,105000
المعيزلية,1000000,27600
المعيزلية,587508,45421
المعيزلية,400000,39000
المعيزلية,300000,39000
المغرزات,700000,37500
الملز,627000,50600
الملز,350000,25525
الملز,2400000,72380
الملز,1500000,62500
الملز,1650000,62500
الملز,4260126,62998
الملز,4871488,71994
الملز,7400000,462500
الملز,700000,33300
الملز,1074450,74100
الملز,3687580,75840
الملقا,2062500,75000
الملقا,3200000,39990
الملقا,3200000,45000
الملقا,3650000,76500
الملقا,7150000,120215
الملقا,16000000,400000
الملقا,2340000,20000
الملقا,1619062,34375
الملقا,2500000,50000
الملقا,2500000,50000
الملقا,2100000,28000
الملقا,1000000,46050
الملقا,5800000,64000
الملقا,6614612,124804
الملقا,6615000,157500
الملقا,6950000,70050
الملقا,1968750,43750
الملقا,10687500,75000
الملقا,10687500,75000
الملقا,10687500,75000
الملقا,2910000,60000
الملقا,2250000,45000
الملقا,3000000,78000
الملقا,2964000,78000
الملقا,3840000,80000
الملقا,6750000,90000
الملقا,5775000,105000
الملقا,8032500,157500
الملقا,7968750,156250
الملقا,12037500,225000
الملقا,8095060,190472
الملقا,22500000,209885
الملقا,10500000,75000
الملقا,3588000,69000
الملقا,3000000,60000
الملقا,3000000,60000
الملقا,5761164,123896
الملقا,1522500,43500
الملقا,2693132,80392
الملقا,2135000,53375
الملقا,1521000,39000
الملقا,2220000,60000
الملقا,2160000,60000
الملقا,1640000,60000
الملقا,3600000,120000
الملقا,6300000,67515
الملقا,4500000,53600
الملقا,3937500,78750
الملقا,2800000,56000
الملقا,3937500,78750
الملقا,2970000,60000
الملك عبد الله,1021200,27600
الملك عبد الله,12154028,528436
الملك عبد الله,100000,45400
الملك عبدالعزيز,2874000,68430
الملك عبدالعزيز,2520000,60000
الملك عبدالعزيز,852250,33350
الملك عبدالعزيز,2000000,39600
الملك عبدالعزيز,1476000,35750
الملك فهد,1457837,62500
الملك فهد,1125000,51300
الملك فهد,1750000,52500
الملك فهد,820000,48000
الملك فهد,1280000,49400
الملك فهد,1100000,60000
الملك فيصل,1900000,74000
الملك فيصل,1550000,56250
الملك فيصل,1000000,50000
الملك فيصل,529585,50000
الملك فيصل,2000000,75000
المناخ,300000,30000
المناخ,595000,62500
المناخ,247000,22367
المناخ,290000,28918
المناخ,481000,150000
المنار,2300000,50000
المنار,1200000,65000
المنار,1800000,70000
المنار,840000,30000
المنصورة,2200000,151200
المنصورة,768000,48000
المنصورة,750000,31075
المنصورة,500000,52500
المنصورة,1000000,44800
المنصورة,1000000,55000
المنصورية,800000,75000
المنصورية,425000,40000
المنقع,150000,22986
المهدية,680000,45594
المهدية,730000,35938
المهدية,835000,40000
المهدية,1000000,40000
المهدية,400000,27000
المهدية,350000,45000
المهدية,1400000,75000
المهدية,891355,45000
المهدية,1350000,75000
المهدية,1170000,90000
المهدية,1169831,89987
المهدية,1000000,40000
المهدية,1037621,79817
المهدية,818207,62939
المهدية,975169,75013
المهدية,800000,59990
المهدية,850000,45000
المهدية,1200000,25000
المهدية,583374,20000
المهدية,1050000,40000
المهدية,1000000,40000
المهدية,1150000,50000
المهدية,1150000,50000
المهدية,595000,37500
المهدية,900000,45000
المهدية,1000000,37500
المهدية,950000,43140
المهدية,1000000,40000
المهدية,640000,37500
المهدية,700000,61857
المهدية,750000,55000
المهدية,850000,55000
المهدية,750000,55000
المهدية,750000,55000
المهدية,630000,46386
المهدية,580000,38400
المهدية,600000,38400
المهدية,1100000,70400
المهدية,670000,82985
المهدية,700000,75000
المهدية,800000,85267
المهدية,682299,45000
المهدية,2000000,110000
المهدية,150000,209730
المهدية,750000,37500
المهدية,340000,45000
المهدية,730000,35937
المهدية,1000000,40000
المهدية,700000,39000
المهدية,625000,40000
المهدية,1300000,75000
المهدية,850000,40000
المهدية,830000,40000
المهدية,1050000,50000
المهدية,930000,40000
المهدية,890000,45000
المهدية,1050000,65304
المهدية,50000,42071
المهدية,600000,27868
المهدية,838772,21000
المهدية,780000,39960
المهدية,780000,42866
المهدية,445000,22500
المهدية,600000,42111
المهدية,680000,45000
المهدية,750000,49632
المهدية,800000,50000
المهدية,950000,45644
المهدية,1150000,42500
المهدية,800000,46293
المهدية,1900000,51400
المهدية,800000,45000
المهدية,900000,41463
المهدية,800000,45000
المهدية,400000,45000
المهدية,100000,45000
المهدية,700000,67500
المهدية,690000,45000
المهدية,550000,45000
المهدية,650000,32342
المهدية,650000,32073
المهدية,902400,47046
المهدية,1000000,43333
المهدية,205000,40000
المهدية,300000,74040
المهدية,275000,60000
المونسية,1436400,50400
المونسية,764886,30000
المونسية,3000000,75000
المونسية,3800000,250000
المونسية,1000000,150000
المونسية,2000000,100000
المونسية,2000000,100000
المونسية,2221219,37500
المونسية,1080000,28468
المونسية,2470201,36000
المونسية,1248000,48000
المونسية,1248000,48000
المونسية,980000,44550
المونسية,1000000,44550
المونسية,1072600,30000
المونسية,956250,37500
المونسية,1145000,24000
المونسية,1249203,38292
المونسية,1395966,63453
المونسية,740515,25535
المونسية,1000000,24000
المونسية,864000,28800
المونسية,864000,28800
المونسية,1340000,24000
المونسية,1200000,24000
المونسية,16163029,626474
المونسية,1021072,38531
المونسية,1011585,38173
المونسية,826800,31200
المونسية,826800,31200
المونسية,826800,31200
المونسية,826800,31200
المونسية,826800,31200
المونسية,826800,31200
المونسية,826800,31200
المونسية,826800,31200
المونسية,826800,31200
المونسية,826800,31200
المونسية,826800,31200
المونسية,826800,31200
المونسية,1126222,38177
المونسية,1136783,38535
المونسية,920400,31200
المونسية,920400,31200
المونسية,1164630,38821
المونسية,1036530,38390
المونسية,1149000,38313
المونسية,1151700,38390
المونسية,889200,31200
المونسية,889200,31200
المونسية,889200,31200
المونسية,889200,31200
المونسية,1151700,38390
المونسية,1149450,38315
المونسية,1151700,38390
المونسية,889200,31200
المونسية,873600,31200
المونسية,873600,31200
المونسية,873600,31200
المونسية,1149390,38313
المونسية,13214286,489418
المونسية,17830260,667866
النخبة,50000,81200
النخيل,1380000,27600
النخيل,3000000,107380
النخيل,3100000,46143
النخيل,3337500,75000
النخيل,3337500,75000
النخيل,10335000,195000
الندى,3354000,78000
الندى,3075000,75000
الندى,2500000,62500
الندى,5700000,150000
الندى,8550000,225000
الندى,8550000,225000
الندى,1500000,306000
الندى,2870000,36000
الندى,2353501,62500
الندى,3807000,95175
الندى,2170000,77500
الندى,2100000,75000
الندى,2611200,81600
الندى,2254800,81600
الندى,2000000,87500
النرجس,1368750,37500
النرجس,2200000,45000
النرجس,3240000,90000
النرجس,4993450,129745
النرجس,1500000,42821
النرجس,1730000,30000
النرجس,412050,27200
النرجس,905625,26250
النرجس,905625,26250
النرجس,1251801,22500
النرجس,3465000,105000
النرجس,1875000,62500
النرجس,2312500,62500
النرجس,2312500,62500
النرجس,2437500,75000
النرجس,2950000,45000
النرجس,1550000,26250
النرجس,2700000,90000
النرجس,1053000,27000
النرجس,1053000,27000
النرجس,3850000,110000
النرجس,540000,37500
النرجس,1318500,90000
النرجس,200000,45000
النرجس,765000,42500
النرجس,765000,42500
النرجس,1575000,28125
النرجس,1250000,50000
النرجس,1050000,30000
النرجس,527000,30000
النرجس,537751,30000
النرجس,1209000,39000
النرجس,1000000,41400
النرجس,500000,39000
النرجس,905000,31250
النرجس,777600,21600
النرجس,1050000,30000
النرجس,828000,36000
النرجس,1224000,36000
النرجس,828000,36000
النرجس,1224000,36000
النرجس,600000,29900
النرجس,750000,29900
النرجس,1000000,36000
النرجس,1150500,39000
النرجس,1113000,42000
النرجس,1272000,48000
النرجس,765000,22500
النرجس,765000,22500
النرجس,2880000,90000
النرجس,1734000,51000
النرجس,2700000,90000
النرجس,2565000,90000
النرجس,2200000,75000
النرجس,1404000,54000
النرجس,1404000,54000
النرجس,1378800,45960
النرجس,1650000,22500
النرجس,1224000,36000
النرجس,625000,30000
النرجس,1750000,30000
النرجس,2186250,79500
النرجس,1200000,40000
النرجس,826800,31200
النرجس,1125000,37500
النرجس,1125000,37500
النرجس,2217600,92400
النرجس,2954940,86910
النرجس,2062500,62500
النرجس,6000000,102000
النرجس,1481690,32500
النرجس,1112500,37500
النرجس,4573200,58000
النرجس,4000000,58000
النرجس,4050000,50000
النرجس,3738900,43304
النرجس,2863400,40800
النرجس,2910000,44000
النرجس,1950000,33000
النرجس,1716000,57200
النرجس,1716000,57200
النرجس,1716000,57200
النرجس,1716000,57200
النرجس,1716000,57200
النرجس,2125174,68528
النرجس,1600000,27500
النرجس,1068793,25000
النرجس,2000000,37800
النرجس,1350000,45000
النرجس,1550000,45000
النرجس,2880000,45000
النرجس,1020000,60000
النرجس,1450188,30000
النرجس,512500,40000
النرجس,900000,40000
النرجس,1700000,25350
النرجس,680400,27000
النرجس,1530000,29900
النرجس,1850000,24555
النرجس,1850000,24555
النرجس,1000000,24555
النرجس,3300000,100000
النرجس,6738534,204198
النرجس,1041600,33600
النرجس,1125000,45000
النرجس,1454250,41550
النرجس,1344000,42000
النرجس,1344000,42000
النرجس,1344000,42000
النرجس,1344000,42000
النرجس,2400000,31200
النرجس,2350000,30638
النرجس,2470000,65000
النرجس,4150000,51600
النرجس,1290000,51600
النرجس,540000,30000
النرجس,700000,35000
النرجس,540000,30000
النرجس,540000,30000
النرجس,540000,30000
النرجس,540000,30000
النرجس,540000,30000
النرجس,540000,30000
النرجس,638500,31925
النرجس,540000,30000
النرجس,2184000,62400
النرجس,1838200,52520
النرجس,1843555,52673
النرجس,1770000,31200
النرجس,2124745,61269
النرجس,2250000,36400
النرجس,2090000,33800
النزهة,20000,28350
النزهة,2700000,50010
النسيم,850000,41400
النسيم,717865,38000
النسيم,683610,44000
النسيم,500000,31250
النسيم,922500,47500
النسيم,885000,38000
النسيم,1950000,75000
النسيم,200000,30000
النسيم,700000,43750
النسيم,700000,43750
النسيم,787500,43750
النسيم,500000,43750
النسيم,743750,43750
النسيم,500000,43750
النسيم,420000,42000
النسيم,955500,45500
النسيم,731206,74903
النسيم,100000,31250
النسيم,300000,20000
النسيم,400000,50000
النسيم,200000,43750
النسيم,300000,60000
النسيم,400000,31250
النسيم,200000,50750
النسيم,774874,54000
النسيم,600000,57500
النسيم,1000000,57500
النسيم,1313352,45000
النسيم,1000000,49507
النسيم,1054906,44250
النسيم,971000,59500
النسيم,400000,55000
النسيم,604818,75000
النسيم,635000,43750
النسيم,200000,31250
النسيم,1350000,90000
النسيم,750000,62500
النسيم,200000,50000
النسيم,1100000,50000
النسيم,195000,20000
النسيم,200000,30000
النسيم,450000,31250
النسيم,300000,35000
النسيم,500000,37500
النظيم,1300000,125000
النظيم,1900000,225000
النظيم,675875,56250
النظيم,400000,90000
النظيم,400000,90000
النظيم,2040000,211500
النظيم,2040000,211500
النظيم,430000,50000
النظيم,1000000,44600
النظيم,450000,47000
النظيم,424055,47000
النظيم,500000,39000
النظيم,570000,75000
النظيم,500000,54000
النظيم,1000000,75000
النظيم,380000,37500
النظيم,750000,50000
النظيم,337829,52000
النظيم,600000,52000
النظيم,1000000,43500
النظيم,1322523,105000
النظيم,1040000,34500
النظيم,705000,47000
النظيم,705855,47057
النظيم,706545,47103
النظيم,706650,47110
النظيم,708420,47228
النفل,415000,62400
النفل,1867125,75000
النفل,1867125,75000
النفل,1306988,52500
النفل,1301830,40000
النموذجية,1450000,52000
النهضة,1700000,105000
النهضة,1700000,105000
النهضة,1214286,75000
النهضة,1214286,75000
النهضة,1092857,67500
النهضة,1092857,67500
النهضة,139885,86400
النهضة,1360000,84000
النهضة,1486286,91800
النهضة,1398857,86400
النهضة,1486286,91800
النهضة,1486286,91800
النهضة,940000,45000
النهضة,743000,37700
النهضة,700000,39060
النهضة,2200000,75000
النهضة,1360000,84000
النهضة,1224000,75600
النهضة,1180286,72900
النهضة,1180286,72900
النهضة,1224000,75600
النهضة,1224000,75100
النهضة,700000,49950
النهضة,1214286,75000
النهضة,1214286,75000
النهضة,1214286,75000
النهضة,1214286,75000
النهضة,1214286,75000
النهضة,1214286,75000
النهضة,1214286,75000
النهضة,1214286,75000
النهضة,1554286,96000
النهضة,1554286,96000
النهضة,1214286,75000
النهضة,1133333,70000
النهضة,1133333,70000
النهضة,1214286,75000
النهضة,1214286,75000
النهضة,1360000,84000
النهضة,1360000,84000
النهضة,1214286,75000
النهضة,1214286,75000
النهضة,150000,42000
النهضة,888000,75000
النهضة,1755450,75000
النهضة,1219874,55000
النهضة,1300000,45000
النهضة,1406250,62500
النهضة,1700000,75000
النهضة,1560000,29000
النهضة,1000000,32400
النهضة,1144018,40800
النهضة,1435685,40000
النهضة,1440000,80000
النهضة,1440000,80000
النهضة,900000,37500
النهضة,1000000,29800
الهدا,3750000,58480
الهدا,10000000,345000
الهدا,1832850,161924
الهدا,2937500,117500
الهدا,3190000,127600
الهدا,3190000,127600
الهدا,2937500,117500
الهدا,2937500,117500
الهدا,2937500,117500
الهدا,5000000,48125
الواحة,2649888,75000
الواحة,2581060,75000
الواحة,2477817,75000
الواحة,3986730,88594
الواحة,1000000,26250
الواحة,7000000,109200
الواحة,5400000,87500
الواحة,1700000,35000
الواحة,1553100,50148
الواحة,1514700,45900
الوادي,1677499,37500
الوادي,847791,45500
الوادي,970000,52800
الوادي,500000,21600
الورود,1500000,45000
الورود,1000000,44600
الورود,1071875,30625
الوزارات,360000,11250
الوزارات,840000,10216
الوزارات,175000,10665
الوزارات,400000,11250
الوزارات,570000,10500
الياسمين,1291296,31250
الياسمين,1103479,37500
الياسمين,2600000,32550
الياسمين,1260000,30000
الياسمين,1260000,30000
الياسمين,2350000,30000
الياسمين,3100000,39000
الياسمين,3500000,40000
الياسمين,3200000,40000
الياسمين,1823890,33600
الياسمين,473892,39700
الياسمين,990500,45000
الياسمين,1133213,21110
الياسمين,1100000,37500
الياسمين,1864000,44318
الياسمين,2950000,37500
الياسمين,3000000,37500
الياسمين,2900000,37500
الياسمين,3680000,60000
الياسمين,2830000,37182
الياسمين,2540000,54000
الياسمين,500000,45450
الياسمين,957702,22815
الياسمين,1720000,30038
الياسمين,1207500,34500
الياسمين,1500000,20000
الياسمين,200000,34500
الياسمين,1050000,22500
الياسمين,1121000,30200
الياسمين,1326000,39000
الياسمين,2300000,33000
الياسمين,2250000,33000
الياسمين,2025000,56250
اليرموك,1134517,39550
اليرموك,980000,40000
اليرموك,980000,40000
اليرموك,732000,32500
اليرموك,589436,78000
اليرموك,1700000,34800
اليرموك,873760,22500
اليرموك,790000,30000
اليرموك,794080,30000
اليرموك,2400000,72500
اليرموك,1500000,67600
اليرموك,875000,31250
اليرموك,875000,31250
اليرموك,1860000,50000
اليرموك,1120000,40000
اليرموك,1120000,40000
اليرموك,1231726,41175
اليرموك,1275819,48000
اليرموك,14999729,614743
اليرموك,1800000,45000
اليرموك,960000,27000
اليرموك,1766821,38130
اليرموك,700000,60000
اليرموك,830000,56250
اليمامة,200000,25500
ام الحمام,3315000,130025
ام الحمام,716000,30000
ام الحمام,290000,11700
ام الحمام,286750,11700
ام الحمام,600000,23400
ام الحمام,1150000,37500
ام الحمام,1600000,50000
ام الحمام,850000,37500
ام الحمام,1000000,40000
ام الحمام,1225000,30000
ام الحمام,2212078,37500
ام الحمام,800000,40000
ام الحمام,1200000,23000
ام الحمام,2900000,32400
ام الحمام,2850000,32400
بدر,700000,57500
بدر,2500000,250000
بدر,500000,62500
بدر,750000,25000
بدر,550000,50000
بدر,580000,50000
بدر,630832,50000
بدر,650000,50000
بدر,640000,24000
بدر,800000,62500
بدر,1100000,75000
بدر,1000000,75000
بدر,800000,60000
بدر,1000000,72000
بدر,710000,57971
بدر,549640,54964
بدر,560000,56000
بدر,300000,45000
بدر,950000,42000
بدر,462000,42000
بدر,272500,29880
بدر,150000,22380
بدر,150000,22380
بدر,150000,22935
بدر,150000,22380
بدر,150000,22380
بدر,528000,44000
بدر,100000,21763
بدر,225000,21762
بدر,352572,32052
بدر,379500,33000
بدر,379500,33000
بدر,574350,45948
بدر,568750,45500
بدر,568750,45500
بدر,625000,50000
بدر,547860,45655
بدر,513000,45000
بدر,562500,45000
بدر,561924,42570
بدر,594000,45000
بدر,418500,33480
بدر,453375,36270
بدر,504000,42000
بدر,504000,42000
بدر,504000,42000
بدر,504000,42000
بدر,432000,36000
بدر,432000,36000
بدر,432000,36000
بدر,849735,73890
بدر,1552500,135000
بدر,2070000,180000
بدر,2386272,198843
بدر,3718750,296375
بنبان,567945,37864
بنبان,499200,37818
بنبان,5400000,1000000
تلال,1575000,81900
جرير,1250000,20000
جرير,577359,20000
جرير,550000,25000
حطين,1550000,21570
حطين,1500000,20145
حطين,1335991,21375
حطين,3708000,90000
حطين,1837500,43750
حطين,2000241,43484
حطين,7560000,180000
حطين,8400000,200000
حطين,6720000,160000
حطين,1777750,37375
حطين,1300000,36400
حطين,4403800,88076
حطين,1930000,30005
حطين,3400000,40173
حطين,3400000,40164
حطين,5500000,88337
حطين,7009719,162262
حطين,1202044,26250
حطين,1202044,26250
خنشليلة,1200000,54600
خنشليلة,1500000,50000
خنشليلة,1350000,46200
ديراب,268500,37050
ديراب,890000,35438
ديراب,145000,31250
ديراب,160000,31250
ديراب,320000,31250
ديراب,320000,31250
سكيرينة,800000,19680
سكيرينة,385000,10236
سلطانة,538000,46000
سلطانة,510000,50012
سلطانة,300000,23124
شبرا,850000,62500
شبرا,1300000,87500
شبرا,970000,25000
شرق الرياض,350000,88400
شرق الرياض,255000,91800
شرق الرياض,200000,92008
شرق الرياض,200000,92008
شرق الرياض,200000,92008
شرق الرياض,415000,85000
شرق الرياض,345000,90000
شرق الرياض,428500,90000
شرق الرياض,100000,90000
شرق الرياض,100000,90000
شرق الرياض,430000,96252
شرق الرياض,150000,95200
شرق الرياض,160000,95200
شرق الرياض,400000,100800
شرق الرياض,415000,88400
شرق الرياض,415000,88400
شرق الرياض,400000,90000
شرق الرياض,400000,84000
شرق الرياض,150000,91800
شرق الرياض,330000,91800
شرق الرياض,350000,91800
شرق الرياض,350000,91800
شرق الرياض,400000,91800
شرق الرياض,420000,91800
شرق الرياض,714875,200000
شرق الرياض,400000,90000
شرق الرياض,520000,90000
شرق الرياض,580000,93000
شرق الرياض,450000,93000
شرق الرياض,381000,84000
شرق الرياض,500000,93350
شرق الرياض,250000,45000
شرق الرياض,220000,47500
شرق الرياض,210000,45000
شرق الرياض,360000,93600
شرق الرياض,450000,108454
شرق الرياض,20000,90000
شرق الرياض,20000,90000
شرق الرياض,275000,86400
شرق الرياض,275000,86400
شرق الرياض,390000,81000
شرق الرياض,200000,45000
شرق الرياض,230000,90000
شرق الرياض,380000,87000
شرق الرياض,400000,90000
شرق الرياض,400000,90000
شرق الرياض,350000,90000
شرق الرياض,15000,90000
شرق الرياض,15000,90000
شرق الرياض,380000,96000
شرق الرياض,370000,93600
شرق الرياض,210000,110052
شرق الرياض,405000,96000
شرق الرياض,50000,90000
شرق الرياض,220000,90000
شرق الرياض,240000,90000
شرق الرياض,200000,81000
شرق الرياض,385000,87000
شرق الرياض,200000,81000
شرق الرياض,390000,90000
شرق الرياض,400000,90000
شرق الرياض,405000,90000
شرق الرياض,200000,93000
شرق الرياض,285000,95400
شرق الرياض,200000,87000
شرق الرياض,300000,93600
شرق الرياض,545000,93600
شرق الرياض,390000,93600
شرق الرياض,650000,119380
شرق الرياض,100000,90000
شرق الرياض,41500,90000
شرق الرياض,210000,43500
شرق الرياض,210000,43500
شرق الرياض,400000,87000
شرق الرياض,370000,90000
شرق الرياض,260000,42000
شرق الرياض,360000,90000
شرق الرياض,420000,90000
شرق الرياض,270000,89600
شرق الرياض,300000,89600
شرق الرياض,250000,90000
شرق الرياض,120000,102000
شرق الرياض,420000,93000
شرق الرياض,225000,93600
شرق الرياض,225000,93600
شرق الرياض,200000,84000
شرق الرياض,50000,86400
شرق الرياض,350000,90000
شرق الرياض,400000,90000
شرق الرياض,120000,43200
شرق الرياض,152000,43200
شرق الرياض,200000,84000
شرق الرياض,315000,84000
شرق الرياض,200000,45000
شرق الرياض,235000,46500
شرق الرياض,550000,200000
شرق الرياض,750000,216000
شرق الرياض,620000,200000
شرق الرياض,550000,172150
شرق الرياض,550000,170000
شرق الرياض,460000,215000
شرق الرياض,655000,215000
شرق الرياض,770000,200000
شرق الرياض,490000,175000
شرق الرياض,526500,195000
شرق الرياض,700000,197400
شرق الرياض,350000,90000
شرق الرياض,310000,90000
شرق الرياض,310000,90000
شرق الرياض,230000,102000
شرق الرياض,138000,102000
شرق الرياض,230000,102000
شرق الرياض,138000,81000
شرق الرياض,230000,81000
شرق الرياض,230000,80640
شرق الرياض,300000,90000
شرق الرياض,230000,93600
شرق الرياض,285000,93600
شرق الرياض,330000,93600
شرق الرياض,370000,93600
شرق الرياض,300000,96000
شرق الرياض,320000,84000
شرق الرياض,340000,84000
شرق الرياض,500000,258500
شرق الرياض,150000,90000
شرق الرياض,520000,190000
شرق الرياض,380000,90000
شرق الرياض,160000,96000
شرق الرياض,200000,90000
شرق الرياض,200000,90000
شرق الرياض,440000,90000
شرق الرياض,510000,225000
شرق الرياض,280000,90000
شرق الرياض,150000,118883
شرق الرياض,375000,111660
شرق الرياض,150000,90000
شرق الرياض,310000,90000
شرق الرياض,245000,90000
شرق الرياض,245000,90000
شرق الرياض,260000,92000
شرق الرياض,280000,118119
شرق الرياض,18000,90000
شرق الرياض,80000,94500
شرق الرياض,175000,84000
شرق الرياض,140000,90000
شرق الرياض,300000,95400
شرق الرياض,150000,87000
شرق الرياض,280000,90000
شرق الرياض,270000,84000
شرق الرياض,235000,84000
شرق الرياض,387000,200000
شرق الرياض,261000,91800
شرق الرياض,230000,91800
شرق الرياض,295000,90039
شرق الرياض,385000,149280
شرق الرياض,265000,95200
شرق الرياض,260000,91800
شرق الرياض,200000,95200
شرق الرياض,265000,91800
شرق الرياض,270000,91799
شرق الرياض,300000,82850
شرق الرياض,280000,91868
شرق الرياض,200000,112945
شرق الرياض,300000,102213
شرق الرياض,150000,90174
شرق الرياض,295000,91895
شرق الرياض,295000,91705
شرق الرياض,240000,91800
شرق الرياض,100000,90000
شرق الرياض,270000,90000
شرق الرياض,250000,96956
شرق الرياض,290000,96956
شرق الرياض,250000,88950
شرق الرياض,151500,45000
شرق الرياض,151500,45000
شرق الرياض,325000,95374
شرق الرياض,130000,93600
شرق الرياض,257000,93600
شرق الرياض,20000,90000
شرق الرياض,260000,90000
شرق الرياض,290000,90000
شرق الرياض,245000,90000
شرق الرياض,260000,90000
شرق الرياض,215000,90000
شرق الرياض,270000,90000
شرق الرياض,350000,210000
شرق الرياض,350000,210000
شرق الرياض,430000,210000
شرق الرياض,210000,200000
شرق الرياض,355000,200000
شرق الرياض,150000,120000
شرق الرياض,380000,224000
شرق الرياض,405000,210000
شرق الرياض,400000,200000
شرق الرياض,180000,81000
شرق الرياض,170000,86040
شرق الرياض,215000,86040
شرق الرياض,50000,81128
شرق الرياض,100000,75000
شرق الرياض,130000,75000
شرق الرياض,70000,91205
شرق الرياض,200000,91205
شرق الرياض,155000,77767
شرق الرياض,150000,75000
شرق الرياض,150000,76375
شرق الرياض,200000,76375
شرق الرياض,50000,77550
شرق الرياض,190000,75000
شرق الرياض,150000,75562
شرق الرياض,160000,75000
شرق الرياض,160000,76944
شرق الرياض,75000,76375
شرق الرياض,70000,75549
شرق الرياض,100000,75549
شرق الرياض,145000,75000
شرق الرياض,170000,77500
شرق الرياض,200000,77500
شرق الرياض,210000,77500
شرق الرياض,238000,85981
شرق الرياض,167000,75000
شرق الرياض,200000,76375
شرق الرياض,100000,83216
شرق الرياض,100000,50000
شرق الرياض,30000,50000
شرق الرياض,50000,50000
شرق الرياض,55000,50000
شرق الرياض,140000,50000
شرق الرياض,50000,50000
شرق الرياض,55000,50000
شرق الرياض,50000,49999
شرق الرياض,55000,49999
شرق الرياض,195000,82171
شرق الرياض,199500,42000
شرق الرياض,150000,43000
شرق الرياض,125000,41000
شرق الرياض,105000,42000
شرق الرياض,50000,42000
شرق الرياض,55000,42000
شرق الرياض,165000,41000
شرق الرياض,157000,44000
شرق الرياض,50000,42000
شرق الرياض,55000,42000
شرق الرياض,200000,44000
شرق الرياض,270000,75000
شرق الرياض,90000,75000
شرق الرياض,190000,75000
شرق الرياض,200000,75000
شرق الرياض,195000,75000
شرق الرياض,200000,75000
شرق الرياض,242000,75000
شرق الرياض,340000,103184
شرق الرياض,235000,77000
شرق الرياض,200000,75000
شرق الرياض,228500,75000
شرق الرياض,255000,82876
شرق الرياض,50000,73396
شرق الرياض,245000,75000
شرق الرياض,230000,75000
شرق الرياض,260000,75000
شرق الرياض,250000,75000
شرق الرياض,80000,75000
شرق الرياض,85000,75000
شرق الرياض,100000,75000
شرق الرياض,105000,75000
شرق الرياض,225000,75950
شرق الرياض,196000,77500
شرق الرياض,255000,76500
شرق الرياض,120000,76433
شرق الرياض,265000,75900
شرق الرياض,260000,82769
شرق الرياض,300000,82769
شرق الرياض,250000,75000
شرق الرياض,240000,75000
شرق الرياض,225000,75000
شرق الرياض,265000,75900
شرق الرياض,115000,78350
شرق الرياض,240000,78350
شرق الرياض,308000,78350
شرق الرياض,270000,75000
شرق الرياض,115000,121113
شرق الرياض,360000,121113
شرق الرياض,260000,76500
شرق الرياض,50000,79261
شرق الرياض,280000,75000
شرق الرياض,270000,75000
شرق الرياض,100000,75000
شرق الرياض,150000,75000
شرق الرياض,240000,76500
شرق الرياض,246500,76800
شرق الرياض,20000,75000
شرق الرياض,100000,75000
شرق الرياض,340000,103122
شرق الرياض,285000,75000
شرق الرياض,230000,75000
شرق الرياض,260000,76800
شرق الرياض,280000,75000
شرق الرياض,280000,75000
شرق الرياض,280000,75000
شرق الرياض,250000,75200
شرق الرياض,265000,76500
شرق الرياض,250000,75000
شرق الرياض,250000,75000
شرق الرياض,350000,96000
شرق الرياض,295000,76500
شرق الرياض,275000,76500
شرق الرياض,270000,76500
شرق الرياض,285000,75000
شرق الرياض,245000,74550
شرق الرياض,100000,63000
شرق الرياض,240000,76500
شرق الرياض,200000,74550
شرق الرياض,180000,63000
شرق الرياض,220000,63000
شرق الرياض,140000,63000
شرق الرياض,217000,60000
شرق الرياض,265000,60000
شرق الرياض,245000,63000
شرق الرياض,70000,75000
شرق الرياض,250000,89819
شرق الرياض,240000,75000
شرق الرياض,228000,60000
شرق الرياض,240000,75000
شرق الرياض,110000,75000
شرق الرياض,50000,75000
شرق الرياض,205000,75250
شرق الرياض,242856,60000
شرق الرياض,255000,75000
شرق الرياض,220000,74550
شرق الرياض,270000,87197
شرق الرياض,205000,60000
شرق الرياض,200000,75250
شرق الرياض,225000,75250
شرق الرياض,100000,60000
شرق الرياض,225000,60000
طريق الخرج,100000,78749
طريق الخرج,800000,299050
طويق,1100000,20000
طويق,500000,40000
طويق,720000,40000
طويق,110000,40000
طويق,200000,40000
طويق,240000,24200
طويق,800000,40000
طويق,595000,40000
طويق,1000000,44000
طويق,600000,40000
طويق,888933,30000
طويق,1161285,37500
طويق,1093750,75000
طويق,1093750,62500
طويق,1312500,90000
طويق,1312500,75000
طويق,1323924,48000
طويق,2393944,46500
طويق,815950,37500
طويق,1237500,75000
طويق,1237500,75000
طويق,1237500,75000
طويق,1237500,75000
طويق,1237500,75000
طويق,200000,37500
طويق,1050000,64500
طويق,54058,45000
طويق,749909,37500
طويق,833516,40500
طويق,600000,60000
طويق,600000,60000
طويق,3780000,270000
طويق,1700000,90000
طويق,849148,36000
طويق,1200000,36000
طويق,1655000,42000
طويق,1200000,30000
طويق,1200000,30000
طويق,30000,43200
طويق,800000,23400
طويق,934500,30000
طويق,950000,30000
طويق,1237500,21710
طويق,715157,25196
طويق,996110,36000
طويق,738898,37500
طيبة,2000000,1053096
طيبة,1100000,31146
طيبة,1072500,29667
طيبة,1119000,27603
طيبة,444475,38650
طيبة,487411,38079
طيبة,524826,41002
طيبة,581466,45427
طيبة,594022,46408
طيبة,1776894,47375
طيبة,300000,23147
طيبة,300000,22005
طيبة,445900,34300
طيبة,445900,34300
طيبة,5163879,391203
طيبة,5461778,390127
طيبة,2105879,155991
طيبة,2435667,187359
طيبة,2703181,207937
عتيقة,330000,25349
عتيقة,210000,21000
عتيقة,70000,62500
عريض,250000,40000
عريض,150000,40000
عريض,250000,40000
عريض,225000,40000
عريض,220000,40000
عريض,332000,50000
عريض,400000,50000
عريض,100000,50000
عريض,300000,50000
عريض,230000,40000
عريض,240000,40000
عريض,125000,31250
عريض,125000,31250
عريض,100000,40000
عريض,178000,25550
عريض,280000,40000
عريض,63000,40000
عريض,300000,45000
عريض,475000,90000
عريض,580000,90000
عريض,800000,90000
عريض,150000,45000
عريض,500000,75000
عريض,330000,45000
عريض,330000,45000
عريض,320000,45000
عريض,350000,45000
عريض,610000,75000
عريض,510000,90000
عريض,430000,75000
عريض,400000,90000
عريض,280000,45000
عريض,220000,45000
عريض,500000,105000
عريض,100000,105000
عريض,300000,52500
عريض,300000,62500
عريض,330000,52500
عريض,230000,52500
عريض,300000,45000
عريض,300000,45000
عريض,220000,31250
عريض,325000,45000
عريض,325000,45000
عريض,300000,45000
عريض,200000,62500
عريض,660000,90000
عريض,80000,48000
عريض,480000,62500
عريض,325000,45000
عريض,220000,31250
عريض,440000,62500
عريض,320000,45000
عريض,300000,45000
عريض,200000,50000
عريض,420000,50000
عريض,400000,50000
عريض,418000,62500
عريض,420000,62500
عريض,400000,50000
عريض,530000,62500
عريض,410000,50000
عريض,250000,50000
عريض,300000,62500
عريض,430000,50000
عريض,370000,50000
عريض,440000,50000
عريض,380000,50000
عريض,390000,50000
عريض,380000,50000
عريض,200000,50000
عريض,380000,50000
عريض,410000,50000
عريض,150000,40000
عريض,320000,40000
عريض,280000,40000
عريض,300000,40000
عريض,300000,40000
عريض,300000,40000
عريض,120000,40000
عريض,300000,40000
عريض,140000,40500
عريض,210000,24000
عريض,210000,23550
عريض,300000,43200
عريض,350000,43200
عريض,220000,48000
عريض,315000,40500
عريض,130000,40500
عريض,275000,51750
عريض,360000,51750
عريض,150000,40500
عريض,250000,44400
عريض,330000,44400
عريض,270000,40500
عريض,328000,45000
عريض,330000,45000
عريض,320000,40500
عريض,200000,40500
عريض,300000,40500
عريض,320000,40500
عريض,290000,51750
عريض,340000,43200
عريض,150000,43200
عريض,150000,24000
عريض,115000,49500
عريض,300000,40500
عريض,330000,44400
عريض,500000,63550
عريض,400000,43200
عريض,320000,43200
عريض,500000,48000
عريض,335000,45000
عريض,315000,40500
عريض,300000,40500
عريض,380000,48000
عريض,310000,40500
عريض,330000,51600
عريض,320000,43200
عريض,300000,43200
عريض,340000,43200
عريض,150000,40500
عريض,290000,48000
عريض,200000,45000
عريض,362000,51750
عريض,160000,40500
عريض,30000,51750
عريض,330000,45000
عريض,100000,40500
عريض,365000,51750
عريض,320000,40500
عريض,330000,48000
عريض,340000,45000
عريض,350000,45000
عريض,200000,45000
عريض,100000,45000
عريض,200000,45000
عريض,200000,45000
عريض,200000,45000
عريض,200000,49992
عريض,180000,45000
عريض,350000,45000
عريض,358000,45000
عريض,330000,45000
عريض,370000,45000
عريض,147500,45000
عريض,150000,45000
عريض,350000,45000
عريض,200000,45000
عريض,325000,45000
عريض,150000,45000
عريض,300000,45000
عريض,300000,45000
عريض,300000,45000
عريض,300000,45000
عريض,300000,45000
عريض,310000,45000
عريض,310000,45000
عريض,310000,45000
عريض,310000,45000
عريض,200000,45000
عريض,320000,45000
عريض,265000,45000
عريض,110000,45000
عريض,320000,45000
عريض,340000,45000
عريض,200000,45000
عريض,375000,45000
عريض,300000,45000
عريض,100000,45000
عريض,300000,45000
عريض,127500,45000
عريض,140000,45000
عريض,270000,45000
عريض,300000,47500
عريض,100000,45000
عريض,160000,21000
عريض,185000,30000
عريض,300000,45000
عريض,240000,45000
عريض,253999,48600
عريض,306000,48600
عريض,280000,48600
عريض,165000,45000
عريض,310000,45000
عريض,215000,45000
عريض,250000,45000
عريض,300000,45000
عريض,200000,43200
عريض,285000,42432
عريض,300000,45000
عريض,290000,45000
عريض,255000,45000
عريض,250000,40000
عريض,150000,40000
عريض,250000,40000
عريض,100000,40000
عريض,265000,40000
عريض,205000,40000
عريض,50000,42500
عريض,240000,40000
عريض,160000,20000
عريض,250000,43200
عريض,250000,45600
عريض,700000,90000
عريض,340000,45000
عريض,100000,36000
عريض,180000,45000
عريض,290000,45000
عريض,100000,45000
عريض,295000,45625
عريض,200000,41250
عريض,60000,31250
عريض,70000,31250
عريض,270000,45000
عريض,460000,90000
عريض,165000,45000
عريض,140000,45000
عريض,140000,45000
عريض,280000,45000
عريض,245000,45000
عريض,160000,40950
عريض,175000,40050
عريض,110000,40200
عريض,170000,40950
عريض,100000,40050
عريض,180000,40000
عريض,130000,40000
عريض,50000,20000
عريض,250000,40500
عريض,250000,40500
عريض,220000,40500
عريض,240000,40500
عريض,235000,40500
عريض,195000,40950
عريض,270000,50918
عريض,100000,32800
عريض,200000,32800
عريض,200000,35183
عريض,240000,41400
عريض,290000,54000
عريض,250000,41400
عريض,260000,41400
عريض,215000,46800
عريض,220000,46800
عريض,195000,30000
عريض,200000,45000
عريض,275000,45000
عريض,200000,45000
عريض,275000,45000
عريض,180000,30000
عريض,200000,30000
عريض,450000,93000
عريض,100000,44250
عريض,420000,90000
عريض,480000,90000
عريض,215000,45000
عريض,242000,45000
عريض,155000,31849
عريض,100000,45500
عريض,150000,40000
عريض,125000,26000
عريض,125000,24750
عريض,200000,40000
عريض,105000,42500
عريض,200000,42500
عريض,50000,42500
عريض,50000,40000
عريض,110000,40000
عريض,110000,40000
عريض,90000,40100
عريض,190000,40000
عريض,100000,27000
عريض,175000,27000
عريض,200000,27000
عريض,678000,108000
عريض,290000,46800
عريض,290000,46800
عريض,170000,36000
عريض,460000,138963
عريض,290000,45000
عريض,140000,45000
عريض,355000,90000
عريض,355000,91334
عريض,270000,90000
عريض,400000,90000
عريض,100000,33600
عريض,550000,92300
عريض,200000,46146
عريض,570000,91130
عريض,315000,45000
عريض,150000,45000
عريض,300000,97541
عريض,200000,48745
عريض,290000,46500
عريض,280000,40926
عريض,150000,47300
عريض,580000,100827
عريض,150000,40331
عريض,290000,46845
عريض,290000,46845
عريض,290000,46845
عريض,290000,46845
عريض,330000,48000
عريض,190000,30000
عريض,340000,48600
عكاظ,1369615,90000
عكاظ,400000,30000
عكاظ,500000,36000
عكاظ,616680,51390
عكاظ,516411,49182
عكاظ,478559,45577
عكاظ,476553,45386
عكاظ,470715,44830
عكاظ,1000000,35000
عكاظ,1170000,30000
عكاظ,522000,36000
عكاظ,850000,21300
عكاظ,495300,39000
عكاظ,453033,33558
عكاظ,831600,63000
عكاظ,650000,60000
عكاظ,844200,63000
عكاظ,804000,60000
عكاظ,804000,60000
عكاظ,650000,60000
عكاظ,482400,36000
عكاظ,360000,36000
عكاظ,810000,60000
عكاظ,804000,60000
عكاظ,430000,33614
عكاظ,378000,27000
عكاظ,378000,27000
عكاظ,756000,54000
عكاظ,360500,25750
عكاظ,378000,27000
عكاظ,804000,60000
عكاظ,475200,36000
عكاظ,792000,60000
عكاظ,792000,60000
عكاظ,475200,36000
عكاظ,792000,60000
عكاظ,762000,30000
عكاظ,736960,40500
عكاظ,700000,38250
عكاظ,800000,20770
عليشة,1710000,90000
عليشة,500000,45019
غبيراء,550000,33750
قرطبة,2127600,67500
قرطبة,1970000,62500
قرطبة,1970000,62500
قرطبة,1117800,27600
قرطبة,1117800,27600
قرطبة,1157625,26385
قرطبة,1000000,30720
قرطبة,2925000,90000
قرطبة,2025000,67500
قرطبة,1950000,65000
قرطبة,1025000,36000
قرطبة,700000,30000
قرطبة,1120000,35000
قرطبة,5800000,180000
قرطبة,1191333,25443
قرطبة,3400000,53550
قرطبة,1960000,55000
قرطبة,603563,26500
قرطبة,1130000,53000
قرطبة,950000,26250
قرطبة,996665,27550
قرطبة,2008664,26352
قرطبة,750714,22000
لبن,1800000,90000
لبن,900000,45000
لبن,850000,45000
لبن,600000,30000
لبن,700000,45000
لبن,2385000,90000
لبن,1570000,40000
لبن,1087366,45000
لبن,450000,45000
لبن,876000,45000
لبن,600000,45000
لبن,600000,45000
لبن,777262,20000
لبن,1896646,45000
لبن,877500,75000
لبن,2162060,36000
لبن,2069273,45000
لبن,1950000,45000
لبن,1685251,45000
لبن,1059000,20000
لبن,580000,40000
لبن,810000,40000
لبن,676000,75000
لبن,680000,39600
لبن,915189,20000
لبن,300000,45000
لبن,944000,47210
لبن,854000,42790
لبن,700000,30000
لبن,1200000,62500
لبن,1900000,36000
لبن,725000,40000
لبن,862500,37500
لبن,1400000,45000
لبن,700000,40000
لبن,1804090,45000
لبن,520000,39840
لبن,800000,55450
لبن,2000000,90000
منفوحة,450000,39500
منفوحة,71000,15558
منفوحة,500000,15575
منفوحة,600000,14586
منفوحة,100000,10968
منفوحة,320000,12064
منفوحة,855000,17767
منفوحة,20250000,1555195
منفوحة,1350000,99883
منفوحة,100000,6072
منفوحة,200000,9550
منفوحة,257000,8165
منفوحة,175000,17000
منفوحة,212850,12380
منفوحة,380000,11485
منفوحة,100000,9209
منفوحة,450000,20411
منفوحة,300000,15588
نمار,1300000,67500
نمار,800000,50000
نمار,400000,90000
نمار,650000,32500
نمار,650000,32500
نمار,650000,32500
نمار,676272,98900
نمار,1260000,90000
نمار,1091754,25000
نمار,950000,50000
نمار,1204515,50000
نمار,950000,45000
نمار,1790000,90000
نمار,525000,35000
نمار,842168,31010
نمار,700000,60000
نمار,565000,22770
نمار,1103164,22770
نمار,1000000,65000
نمار,481500,32500
نمار,481500,32500
نمار,450000,100000
نمار,450000,62500
نمار,450000,61250
نمار,700000,75000
نمار,860000,75000
نمار,750000,75000
نمار,400000,75000
نمار,750000,75000
نمار,750000,75000
نمار,350000,75000
نمار,205000,37500
نمار,600000,60000
نمار,695000,75000
نمار,745000,75000
نمار,745000,75000
نمار,400000,60000
نمار,600000,60000
نمار,350000,37500
نمار,1500000,228600
نمار,300000,76500
نمار,500000,99000
نمار,525000,50000
نمار,550000,53750
نمار,550000,76500
نمار,480000,48000
نمار,475000,48000
نمار,400000,81000
نمار,1500000,223750
نمار,250000,198000
نمار,500000,198000
نمار,600000,198000
نمار,250000,195450
نمار,220000,103500
نمار,800000,106250
نمار,1550000,192550
نمار,1400000,206968
نمار,520000,72000
نمار,450000,43750
نمار,430000,45000
نمار,1450000,231850
نمار,1450000,231850
نمار,400000,48325
نمار,1550000,264076
نمار,100000,55250
نمار,1100000,224200
نمار,1100000,224200
نمار,1100000,216000
نمار,400000,72000
نمار,550000,72000
نمار,400000,72000
نمار,1100000,216000
نمار,550000,72000
نمار,550000,72000
نمار,550000,72000
نمار,780000,108720
نمار,750000,75000
نمار,345000,37500
نمار,160000,37500
نمار,150000,37500
نمار,375000,37500
نمار,375000,37500
نمار,430000,42500
نمار,450000,44550
نمار,450000,43750
نمار,400000,37500
نمار,500000,37050
نمار,400000,37500
نمار,400000,75000
نمار,400000,75000
نمار,330000,37500
نمار,400000,75000
نمار,150000,37500
نمار,250000,37500
نمار,750000,75000
نمار,800000,75000
نمار,650000,75000
نمار,750000,75000
نمار,200000,37500
نمار,330000,39000
نمار,200000,37500
نمار,150000,37500
نمار,500000,63000
نمار,630000,87500
نمار,800000,87500
نمار,780000,75000
نمار,123000,76500
نمار,100000,112500
نمار,1300000,216000
نمار,700000,101250
نمار,375000,43200
نمار,850000,93600
نمار,380000,45000
نمار,300000,43200
نمار,250000,43200
نمار,370000,45000
نمار,200000,46800
نمار,680000,86400
نمار,332000,45000
نمار,750000,125400
نمار,800000,90000
نمار,690000,90000
نمار,700000,90000
نمار,765000,86400
نمار,400000,45000
نمار,410000,46800
نمار,482000,45550
نمار,670000,86400
نمار,750000,211500
نمار,340000,39064
نمار,720000,82800
نمار,480000,41400
نمار,410000,41400
نمار,350000,41950
نمار,700000,82800
نمار,200000,45000
نمار,500000,45000
نمار,500000,43750
نمار,400000,45000
نمار,800000,93600
نمار,363000,37500
نمار,363000,37500
نمار,310000,50010
نمار,310000,50010
نمار,550000,62000
نمار,200000,37500
نمار,200000,37500
نمار,770000,75000
نمار,720000,75000
نمار,760000,75000
نمار,400000,75000
نمار,200000,37500
نمار,790000,75000
نمار,400000,75000
نمار,1100000,208800
نمار,750000,75000
نمار,820000,75000
نمار,387000,37500
نمار,375000,37500
نمار,375000,37500
نمار,380000,37500
نمار,260000,75000
نمار,300000,43750
نمار,420000,43750
نمار,450000,42500
نمار,400000,37500
نمار,260000,39762
نمار,785000,89330
نمار,500000,93600
نمار,550000,93600
نمار,200000,43920
نمار,750000,87800
نمار,400000,43560
نمار,400000,43560
نمار,620000,88560
نمار,430000,45000
نمار,390000,57000
نمار,460000,54000
نمار,460000,43200
نمار,410000,48650
نمار,800000,87300
نمار,500000,88560
نمار,520000,88560
نمار,750000,85991
نمار,360000,45000
نمار,400000,43750
نمار,400000,43800
نمار,250000,43740
نمار,250000,43740
نمار,705000,75000
نمار,200000,87480
نمار,680000,90000
نمار,350000,44640
نمار,400000,84240
نمار,320000,87670
نمار,770000,87500
نمار,800000,87500
نمار,300000,57600
نمار,300000,57600
نمار,300000,59760
نمار,500000,86400
نمار,200000,45000
نمار,200000,93600
نمار,700000,90000
نمار,300000,93600
نمار,200000,47862
نمار,200000,47862
نمار,400000,41400
نمار,475000,90000
نمار,850000,93600
نمار,269000,46056
نمار,960000,90000
نمار,500000,45000
نمار,1050000,97200
نمار,800000,90000
نمار,420000,45000
نمار,500000,45000
نمار,460000,45000
نمار,490000,40000
نمار,900000,97200
نمار,200000,45000
نمار,740000,89100
نمار,750000,89100
نمار,620000,86400
نمار,920000,90000
نمار,210000,41016
نمار,1650000,200000
نمار,500000,100000
نمار,700000,225000
نمار,1200000,225000
نمار,1200000,200000
نمار,600000,100000
نمار,500000,100000
نمار,1550000,200000
نمار,800000,75000
نمار,345000,30000
نمار,287500,25000
نمار,287500,25000
نمار,250000,86400
نمار,700000,90000
نمار,840000,90000
نمار,500000,45000
نمار,435000,45000
نمار,500000,90000
نمار,400000,46800
نمار,500000,46000
نمار,440000,46800
نمار,50000,45000
نمار,390000,45000
نمار,468000,46813
نمار,1000000,89578
نمار,450000,41950
نمار,800000,90000
نمار,470000,44611
نمار,550000,44611
نمار,780000,90000
نمار,400000,86400
نمار,500000,86400
نمار,1060000,88750
نمار,200000,46800
نمار,700000,93600
نمار,250000,37818
نمار,120000,45000
نمار,650000,86400
نمار,850000,95400
نمار,250000,86280
نمار,550000,86400
نمار,200000,43200
نمار,340000,37500
نمار,520000,83261
نمار,400000,90000
نمار,900000,90000
نمار,340000,43200
نمار,800000,103150
نمار,830000,90000
نمار,350000,46800
نمار,900000,97200
نمار,440000,45000
نمار,440000,45000
نمار,670000,82800
نمار,400000,45000
نمار,460000,45000
نمار,900000,90000
نمار,100000,45000
نمار,1050000,88750
نمار,480000,43200
نمار,375000,46800
نمار,400000,41600
نمار,300000,30000
نمار,650000,67500
نمار,630000,60000
نمار,330000,30000
نمار,650000,60000
نمار,450000,82800
نمار,800000,86724
نمار,900000,93600
نمار,100000,50400
نمار,100000,43200
نمار,900000,93600
نمار,500000,90000
نمار,536250,32500
نمار,1014000,67600
نمار,660000,36728
نمار,808000,35000
نمار,787372,46316
نمار,1415682,78649
نمار,772000,36000
نمار,1080000,72000
نمار,360000,42000
نمار,393000,34492
نمار,1600000,224318
