أحد,780000,31250
أحد,300000,45000
أحد,80000,37500
أحد,414000,60000
اشبيليا,100000,33750
اشبيليا,1160000,42000
اشبيليا,2000000,87500
اشبيليا,1396539,44472
اشبيليا,1393404,32500
اشبيليا,2008145,68750
اشبيليا,200000,60000
اشبيليا,1335000,52500
اشبيليا,1830384,52500
اشبيليا,3546000,80550
اشبيليا,1500000,42000
اشبيليا,1822750,40200
الازدهار,1100000,31250
الازدهار,3100000,70000
الازدهار,3100000,70000
الازدهار,7500000,150000
الازدهار,50000,62500
الازدهار,262500,62500
الامانة,1650000,54000
الامانة,2604000,84000
الامانة,2515457,44800
الامانة,796875,31250
الامانة,620000,40000
الامانة,1000000,51000
الاندلس,1620000,31250
الاندلس,1012500,42188
الاندلس,337500,14063
الاندلس,1000000,75000
الاندلس,1000000,37500
الاندلس,1146112,39000
الاندلس,483000,39000
الاندلس,1200000,35000
البديعة,1150000,57500
البديعة,900000,60000
البديعة,466725,26670
البديعة,469350,26820
البديعة,600000,50000
البديعة,500000,57500
البديعة,700000,50400
البديعة,380000,40000
البديعة,90000,13524
البرية,300000,45000
البرية,100000,45000
البرية,350000,54990
البطحاء,230000,14400
البيان,693750,37500
البيان,550000,31156
البيان,100000,49000
البيان,400000,40500
التعاون,1440000,36300
التعاون,1099059,35991
التعاون,1850000,62500
التعاون,1406250,31250
الجرادية,100000,14900
الجزيرة,764226,48400
الجزيرة,300000,48400
الجزيرة,300000,48400
الجزيرة,300000,48400
الجزيرة,300000,48400
الجنادرية,1093750,62500
الجنادرية,886500,59190
الجنادرية,203738,98000
الجنادرية,400000,77474
الجنادرية,888734,30000
الجنادرية,824127,60000
الجنادرية,1000000,60000
الجنادرية,1586642,42000
الجنادرية,900000,44550
الجنادرية,255000,40000
الجنادرية,1100000,40000
الجنادرية,696234,56539
الجنادرية,356250,37500
الجنادرية,393750,37500
الجنادرية,393750,37500
الجنادرية,393750,37500
الجنادرية,393750,37500
الجنادرية,393750,37500
الجنادرية,393750,37500
الجنادرية,393750,37500
الجنادرية,393750,37500
الجنادرية,326087,37500
الجنادرية,393750,37500
الجنادرية,393750,37500
الجنادرية,393750,37500
الجنادرية,393750,37500
الجنادرية,393750,37500
الجنادرية,393750,37500
الجنادرية,393750,37500
الجنادرية,393750,37500
الجنادرية,393750,37500
الجنادرية,393750,37500
الجنادرية,393750,37500
الجنادرية,342750,37500
الجنادرية,342750,37500
الجنادرية,342750,37500
الجنادرية,300000,37500
الجنادرية,326087,37500
الجنادرية,356250,37500
الجنادرية,356250,37500
الجنادرية,393750,37500
الجنادرية,393750,37500
الجنادرية,393750,37500
الجنادرية,393750,37500
الجنادرية,393750,37500
الجنادرية,100000,27169
الجنادرية,300000,29427
الجنادرية,305500,23494
الجنادرية,297700,22842
الجنادرية,300000,29396
الجنادرية,440220,29348
الجنادرية,100000,29304
الجنادرية,100000,29273
الجنادرية,395186,29273
الجنادرية,100000,29242
الجنادرية,394767,29242
الجنادرية,100000,29212
الجنادرية,100000,29181
الجنادرية,100000,29150
الجنادرية,166151,29255
الجنادرية,300000,30505
الجنادرية,200000,75732
الجنادرية,23091250,35525000
الحائر,29198,56000
الحائر,200000,117600
الحائر,200000,112000
الحائر,1000000,35635
الحائر,20000,45000
الحائر,100000,22565
الحزم,1220000,30000
الحزم,1785000,37500
الحزم,1110000,33750
الحزم,499500,37000
الحزم,950000,64800
الحزم,1063750,57500
الحزم,1391333,36000
الحزم,1150000,37500
الحزم,100000,31250
الحزم,652800,38400
الحزم,544000,35108
الحمراء,2800000,72125
الحمراء,1700000,52500
الحمراء,1300000,50000
الحمراء,969500,37500
الحمراء,812000,60000
الحمراء,2650000,56440
الحمراء,4000000,116100
الخالدية,400000,63375
الخالدية,220000,37500
الخالدية,70000,15000
الخليج,1155000,70000
الخليج,1348200,36000
الخليج,2057070,81000
الخليج,2071916,50000
الخليج,1000000,50000
الخليج,2000000,97500
الخليج,1000000,40000
الخليج,1850000,33750
الخليج,1000000,33750
الخليج,1656000,72000
الخليج,1794000,78000
الخليج,799684,70200
الخليج,850000,39000
الخير,1300000,90000
الخير,700000,84000
الخير,835000,84000
الخير,800000,80000
الخير,730000,40000
الخير,1080000,80000
الخير,1100000,93400
الخير,900000,80000
الخير,840000,84000
الخير,1200000,90720
الخير,750000,71995
الخير,700000,80000
الخير,700000,80000
الخير,510000,43750
الخير,1380952,159960
الخير,1020000,87500
الخير,510000,45500
الخير,1300000,164693
الخير,1000000,81250
الخير,1000000,81250
الخير,1000000,81250
الخير,560000,45500
الخير,300000,30000
الخير,530000,43750
الخير,1050000,87500
الخير,750000,75000
الخير,450000,37500
الخير,750000,75000
الخير,900000,75000
الخير,220000,36000
الخير,850000,72000
الخير,500000,43750
الخير,500000,38786
الخير,1250000,91000
الخير,1250000,91000
الخير,900000,87500
الخير,1065000,84000
الخير,1065000,84000
الخير,540000,42000
الخير,1072500,93814
الخير,1250000,93814
الخير,950000,91000
الخير,730000,69755
الخير,570000,43750
الخير,500000,43750
الخير,450000,45325
الخير,850000,87500
الخير,900000,93750
الخير,550000,52500
الخير,900000,87500
الخير,900000,87500
الخير,1000000,101852
الخير,400000,33636
الخير,900000,87500
الخير,1075000,83210
الخير,800000,87500
الخير,900000,87500
الخير,1000000,87500
الخير,1000000,87500
الخير,1000000,87500
الخير,900000,87500
الخير,200000,52500
الخير,800000,87500
الخير,965000,87500
الخير,700000,69425
الخير,500000,43750
الخير,500000,43750
الخير,450000,42000
الخير,450000,42000
الخير,200000,37065
الخير,520000,41990
الخير,510000,47625
الخير,500000,47625
الخير,950000,97500
الخير,900000,95730
الخير,540000,45000
الخير,650000,65625
الخير,500000,47250
الخير,970000,91000
الخير,435000,45500
الخير,900000,90000
الخير,600000,48750
الخير,950000,87500
الخير,950000,87500
الخير,950000,87500
الخير,95000,87500
الخير,1440000,155517
الخير,1750000,175000
الخير,700000,75000
الخير,700000,75000
الخير,227000,32500
الخير,360000,37500
الخير,370000,36000
الخير,362000,36000
الخير,355000,36000
الخير,355000,36000
الخير,335000,37500
الخير,350000,36249
الخير,335000,36250
الخير,355000,35525
الخير,500000,71050
الخير,300000,35525
الخير,300000,35525
الخير,341000,39150
الخير,341000,39150
الخير,690000,71050
الخير,500000,78750
الخير,570000,78750
الخير,315000,38750
الخير,307000,40300
الخير,550000,80850
الخير,670000,77673
الخير,300000,40425
الخير,335000,36000
الخير,410000,40500
الخير,565000,75000
الخير,565000,75000
الخير,320000,37500
الخير,320000,37500
الخير,680000,78399
الخير,355000,40500
الخير,355000,40500
الخير,300000,71200
الخير,600000,77500
الخير,675000,100876
الخير,675000,102048
الخير,342850,40500
الخير,355000,40500
الخير,610000,72800
الخير,500000,60000
الخير,552000,73600
الخير,480000,80000
الخير,550000,79499
الخير,330000,39000
الخير,550000,79500
الخير,360000,40500
الخير,360000,39000
الخير,150000,40625
الخير,3130000,452600
الخير,450000,71939
الخير,410000,74400
الخير,500000,75000
الخير,500000,75000
الخير,500000,79500
الخير,500000,98235
الخير,500000,98743
الخير,500000,75000
الخير,500000,75000
الخير,500000,74235
الخير,600000,75000
الخير,700000,75000
الخير,270000,37500
الخير,300000,40000
الخير,323810,46875
الخير,485000,75000
الخير,485000,75000
الخير,485000,75000
الخير,537000,75000
الخير,485000,75000
الخير,485000,75000
الخير,485000,75000
الخير,485000,75000
الخير,485000,75000
الخير,485000,75000
الخير,310000,42000
الخير,510000,75325
الخير,500000,75325
الخير,500000,75325
الخير,270000,37500
الخير,300000,37500
الخير,300000,37500
الخير,550000,76500
الخير,625000,81000
الخير,200000,42000
الخير,300000,39000
الخير,698000,90000
الخير,300000,37500
الخير,270000,36000
الخير,550000,82170
الخير,510000,75000
الخير,500000,74895
الخير,500000,74884
الخير,530000,76500
الخير,280000,37500
الخير,300000,39000
الخير,560000,84000
الخير,560000,84000
الخير,533333,85050
الخير,533333,87466
الخير,266666,37500
الخير,266666,37500
الخير,266666,37500
الخير,266666,37500
الخير,533333,74999
الخير,266666,37500
الخير,266666,37500
الخير,295000,37500
الخير,550000,75000
الخير,550000,75000
الخير,200000,39000
الخير,285000,36000
الخير,360000,37500
الخير,335000,40500
الخير,500000,82500
الخير,315000,40920
الخير,315000,40920
الخير,500000,78000
الخير,500000,78000
الخير,550000,78000
الخير,500000,82320
الخير,680000,82320
الخير,500000,75000
الخير,100000,37500
الخير,476190,74999
الخير,476190,75000
الخير,476190,75000
الخير,200000,37500
الخير,360000,52624
الخير,285000,37500
الخير,285000,37500
الخير,250000,37500
الخير,284091,72544
الخير,284091,70745
الخير,284091,36900
الخير,284091,36900
الخير,284091,36900
الخير,325000,36900
الخير,284091,36900
الخير,284091,36900
الخير,284091,36900
الخير,284091,36900
الخير,284091,36900
الخير,284091,36900
الخير,284091,36900
الخير,284090,36900
الخير,284091,36900
الخير,284091,36900
الخير,284091,36900
الخير,284091,36900
الخير,284091,36900
الخير,284091,36900
الخير,284091,36900
الخير,284091,36900
الخير,284091,36900
الخير,430000,60030
الخير,430000,60046
الخير,525000,81000
الخير,500000,75000
الخير,500000,75000
الخير,500000,75000
الخير,500000,75000
الخير,650000,81000
الخير,500000,75000
الخير,490000,75000
الخير,450000,78000
الخير,500000,78000
الخير,330000,37500
الخير,320000,42000
الخير,500000,84542
الخير,525000,84542
الخير,510000,75000
الخير,500000,75000
الخير,500000,75000
الخير,462500,75000
الخير,462500,75000
الخير,462500,90279
الخير,462500,90279
الخير,280000,37500
الخير,530000,75000
الخير,530000,75000
الخير,590000,73839
الخير,275000,37500
الخير,100000,92300
الخير,500000,75000
الخير,300000,37473
الخير,150000,37500
الخير,150000,37500
الخير,150000,37500
الخير,150000,37500
الخير,270000,37500
الخير,455000,75000
الخير,350000,75000
الخير,350000,75000
الخير,350000,75000
الخير,455000,75000
الخير,510000,75000
الخير,550000,75000
الخير,287500,37500
الخير,287500,37500
الخير,287500,37500
الخير,287500,37500
الخير,550000,75000
الخير,520000,75000
الخير,500000,75000
الخير,500000,75000
الخير,520000,71241
الخير,270000,37500
الخير,280000,37500
الخير,450000,75000
الخير,571428,74622
الخير,290000,37500
الخير,250000,37500
الخير,250000,37500
الخير,265000,37500
الخير,244860,74384
الخير,400000,84439
الخير,400000,83923
الخير,270000,37500
الخير,450000,69719
الخير,450000,70238
الخير,450000,70757
الخير,450000,75000
الخير,450000,75000
الخير,450000,75000
الخير,450000,75000
الخير,700000,107237
الخير,560000,75000
الخير,515000,75000
الخير,515000,75000
الخير,520000,75000
الخير,510000,75000
الخير,510000,75000
الخير,520000,75000
الخير,515000,75000
الخير,560000,76652
الخير,550000,75000
الخير,550000,75000
الخير,515000,75000
الخير,515000,75000
الخير,530000,75000
الخير,515000,75000
الخير,1200000,144230
الخير,500000,75000
الخير,500000,75000
الخير,305000,37500
الخير,290000,37500
الخير,300000,37500
الخير,275000,37500
الخير,310000,37500
الخير,280000,37500
الخير,350000,49009
الخير,290000,37500
الخير,377000,47841
الخير,300000,50316
الخير,300000,50011
الخير,520000,75000
الخير,550000,75000
الخير,520000,75000
الخير,550000,75000
الخير,250000,75000
الخير,480000,75000
الخير,300000,45000
الخير,520000,77782
الخير,450000,75000
الخير,320000,37500
الخير,320000,37500
الخير,490000,75000
الخير,320000,37500
الخير,200000,37500
الخير,290000,37500
الخير,470000,75000
الخير,550000,72000
الخير,270000,37500
الخير,265000,37500
الخير,450000,75000
الخير,475000,75000
الخير,320000,37500
الخير,500000,75000
الخير,500000,75000
الخير,690000,75000
الخير,515000,75950
الخير,515000,75950
الخير,515000,75950
الخير,190000,75000
الخير,290000,31200
الخير,280000,31200
الخير,280000,31200
الخير,280000,31200
الخير,570000,75000
الخير,500000,75000
الخير,500000,75000
الخير,400000,45000
الخير,730000,89793
الخير,700000,96059
الخير,340000,36000
الخير,650000,81000
الخير,550000,72500
الخير,500000,72500
الخير,500000,75000
الخير,500000,72500
الخير,500000,78000
الخير,500000,75400
الخير,500000,72000
الخير,500000,69600
الخير,300000,37500
الخير,550000,75000
الخير,550000,75000
الخير,290000,37500
الخير,730000,85750
الخير,50000,43750
الخير,635000,88554
الخير,620000,87500
الخير,610000,87500
الخير,620000,87500
الخير,620000,87500
الخير,365000,43750
الخير,550000,75000
الخير,535000,75000
الخير,600000,75000
الخير,619044,75000
الخير,725000,77710
الخير,725000,78226
الخير,510000,75000
الخير,290000,38232
الخير,290000,39000
الخير,335000,43750
الخير,400000,53200
الخير,400000,53200
الخير,300000,75000
الخير,400000,40000
الخير,428571,72540
الخير,428571,73380
الخير,428571,75000
الخير,428571,75000
الخير,428571,75000
الخير,428571,75000
الخير,428571,75000
الدار البيضاء,800000,45000
الدار البيضاء,400000,45000
الدار البيضاء,1120971,50000
الدار البيضاء,705320,31250
الدار البيضاء,570000,21875
الدار البيضاء,481193,25000
الدار البيضاء,644879,25000
الدار البيضاء,640000,46250
الدار البيضاء,700000,30000
الدار البيضاء,950000,75000
الدار البيضاء,1159214,60000
الدار البيضاء,534750,22000
الدار البيضاء,1000000,22000
الدار البيضاء,500000,30000
الدار البيضاء,335000,37500
الدريهمية,950000,51400
الدريهمية,1700000,52000
الدريهمية,172096,21512
الرائد,5600000,140000
الرائد,657000,35525
الرائد,3300000,75000
الرابية,150000,45000
الرابية,270000,42500
الرابية,245000,42500
الرابية,220000,40000
الرابية,100000,40000
الرابية,250000,40000
الرابية,200000,40000
الرابية,200000,40000
الرابية,225000,40000
الرابية,250000,40000
الرابية,290000,45000
الرابية,15000,40000
الرابية,210000,40800
الرابية,250000,40800
الرابية,205000,40375
الرابية,217000,40375
الرابية,235000,40375
الرابية,195000,40000
الرابية,210000,40000
الرابية,180000,40000
الرابية,100000,40800
الرابية,190000,40000
الرابية,248000,41400
الرابية,260000,41400
الرابية,240000,41400
الرابية,260000,47786
الرابية,325000,41400
الرابية,220000,45000
الرابية,220000,45000
الرابية,410000,91800
الرابية,400000,90000
الرابية,490000,90000
الرابية,230000,90100
الرابية,100000,23400
الرابية,400000,90000
الرابية,170000,45000
الرابية,215000,45000
الرابية,235000,45000
الرابية,150000,45000
الرابية,200000,45500
الرابية,235000,45500
الرابية,200000,45500
الرابية,235000,45500
الرابية,85000,40000
الرابية,215000,40000
الرابية,165000,24790
الرابية,230000,43750
الرابية,237000,43135
الرابية,210000,42528
الرابية,215000,42000
الرابية,245000,52000
الرابية,36000,40000
الرابية,200000,40000
الرابية,226000,40000
الرابية,210000,40000
الرابية,200000,43659
الرابية,215000,40000
الرابية,220000,40000
الرابية,240000,40000
الرابية,50000,40000
الرابية,200000,40000
الرابية,100000,52500
الرابية,230000,47359
الرابية,100000,42500
الرابية,60000,20000
الرابية,235000,40000
الرابية,590000,90000
الرابية,590000,90000
الراية,266500,90000
الربوة,450000,20000
الربوة,7300000,250850
الربوة,1000000,32000
الربوة,1664288,65000
الربوة,1500000,75000
الربوة,1569750,53460
الربوة,650000,25000
الربوة,850666,45050
الربوة,1935000,79783
الربوة,3000000,70000
الربوة,850000,42053
الربوة,2300000,62500
الربيع,1850000,20250
الربيع,1380890,60000
الرحمانية,916670,52500
الرحمانية,2655319,76800
الرحمانية,2655319,76800
الرحمانية,2489362,72000
الرحمانية,6750000,150000
الرحمانية,6350000,67500
الرفيعة,1334606,40230
الرفيعة,1083050,43322
الرفيعة,1600000,36189
الرفيعة,120000,10000
الرمال,1490000,31250
الرمال,4669000,406000
الرمال,4669000,406000
الرمال,5500000,500000
الرمال,5250000,750196
الرمال,5250000,750196
الرمال,3400000,250000
الرمال,3000000,250000
الرمال,827820,45990
الرمال,785500,22800
الرمال,714000,42000
الرمال,1620000,48000
الرمال,1873000,36000
الرمال,1450000,42000
الرمال,894600,74550
الرمال,894600,74550
الرمال,1265980,63299
الرمال,594000,27000
الرمال,594000,27000
الرمال,594000,27000
الرمال,1000000,24000
الرمال,595000,59500
الرمال,300000,30000
الرمال,562500,28125
الرمال,562500,28125
الرمال,562500,28125
الرمال,11047200,920600
الرمال,2214000,184500
الرمال,1456400,215000
الرمال,500000,36000
الرمال,500000,36000
الرمال,500000,36000
الرمال,500000,36000
الرمال,630000,30000
الرمال,630000,30000
الرمال,861000,44179
الرمال,558000,36000
الرمال,676800,36000
الرمال,676800,36000
الرمال,676800,36000
الرمال,680724,41256
الرمال,680740,41257
الرمال,680724,41256
الرمال,300000,30000
الرمال,500000,50000
الرمال,950000,49440
الرمال,200000,34880
الرمال,500000,30000
الرمال,1030000,25000
الرمال,773896,39687
الرمال,500000,30000
الرمال,555000,30000
الرمال,645000,30000
الرمال,812657,37798
الرمال,600000,30000
الرمال,600000,30000
الرمال,500000,30000
الرمال,550000,25000
الرمال,600000,30000
الرمال,655200,31200
الرمال,740000,40000
الرمال,500000,30000
الرمال,500000,30000
الرمال,570000,30000
الرمال,546100,25424
الرمال,500000,25424
الرمال,400000,23835
الرمال,600000,30000
الرمال,400000,30000
الرمال,561000,30000
الرمال,350000,22139
الرمال,566562,30625
الرمال,575000,31250
الرمال,600000,30000
الرمال,400000,31875
الرمال,400000,30000
الرمال,591000,30000
الرمال,643084,38750
الرمال,629804,37940
الرمال,996000,60000
الرمال,996000,60000
الرمال,996000,60000
الرمال,996000,60000
الرمال,1245000,75000
الرمال,1245000,75000
الرمال,1245000,75000
الرمال,1245000,75000
الرمال,1245000,75000
الرمال,1245000,75000
الرمال,1245000,75000
الرمال,996000,60000
الرمال,996000,60000
الرمال,670000,39440
الرمال,471000,29438
الرمال,10167500,612500
الرمال,1841272,110920
الرمال,2162615,130278
الرمال,2158000,130000
الرمال,1821435,109725
الرمال,3235655,194919
الرمال,3236552,194973
الرمال,2761078,166330
الرمال,4234328,255080
الرمال,4234328,255080
الرمال,3984000,240000
الرمال,4980000,300000
الرمال,3776500,227500
الرمال,3320000,200000
الرمال,3320000,200000
الرمال,3320000,200000
الرمال,3320448,200027
الرمال,5397224,325134
الرمال,5468372,329420
الرمال,4648000,280000
الرمال,8195818,493724
الرمال,1200000,81100
الرمال,700000,50000
الرمال,700000,50000
الرمال,1600000,33329
الرمال,865000,23794
الرمال,700000,25200
الرمال,1620000,49800
الرمال,1030794,33878
الرمال,1009000,28253
الرمال,940000,37950
الرمال,1294200,90000
الرمال,1294200,90000
الرمال,1294200,90000
الرمال,1294200,90000
الرمال,740000,20043
الرمال,1400000,43186
الرمال,900000,49000
الرمال,1373323,49939
الرمال,1988281,86447
الرمال,937500,37500
الرمال,720000,30000
الرمال,1312500,62500
الرمال,908087,38642
الرمال,700544,33680
الرمال,1400000,30000
الرمال,1550000,30000
الرمال,635000,33397
الروابى,1750000,37800
الروابى,1800000,62500
الروابى,80000,44000
الروابى,752000,19000
الروابى,920000,40000
الروابى,2500000,75000
الروابى,1174680,39156
الروابى,1710360,57012
الروابى,1050000,22225
الروضة,870000,41675
الروضة,1180000,39780
الروضة,1350000,59800
الروضة,797500,31902
الروضة,797500,31902
الروضة,765000,30075
الروضة,970000,27500
الروضة,1260000,44000
الروضة,1800000,54000
الروضة,1500000,46000
الروضة,1700000,61160
الروضة,800000,39900
الروضة,850000,33750
الروضة,99000,62400
الروضة,1150000,45000
الريان,2000000,61600
الريان,1197000,38000
الريان,1000000,36750
الريان,2200000,78000
الريان,1928529,37500
الريان,1270000,50000
الزهراء,800000,29400
الزهراء,720000,55800
الزهرة,721000,50000
الزهرة,780000,50000
الزهرة,92625,37500
الزهرة,500000,50000
الزهرة,1105000,36666
الزهرة,1375000,135000
الزهور,340000,47500
الزهور,645000,90000
الزهور,290000,45000
الزهور,580000,91000
الزهور,635000,91000
الزهور,600000,91000
الزهور,35500,91000
الزهور,200000,90000
الزهور,550000,90000
الزهور,650000,105300
الزهور,216000,45000
الزهور,225000,45000
الزهور,35000,90000
الزهور,35500,45000
الزهور,600000,90000
الزهور,60000,45000
الزهور,250000,45000
السعادة,400000,31479
السعادة,712500,37500
السعادة,712500,37500
السعادة,913000,45500
السعادة,932750,45500
السعادة,586678,36250
السعادة,1000000,32075
السعادة,1354000,30120
السعادة,1167000,36400
السعادة,1200000,33600
السلام,1600000,72000
السلام,1635000,101500
السلى,540575,25300
السلى,540575,25300
السلى,1500000,65000
السلى,500000,80000
السلى,500000,80000
السليمانية,500000,28000
السليمانية,4900000,126000
السليمانية,119224,63800
السليمانية,131232,63800
السليمانية,10000000,238650
السليمانية,450000,61500
السليمانية,150000,60000
السليمانية,1650000,70000
السليمانية,1800000,60000
السويدى,90000,50000
السويدى,720000,50000
السويدى,350000,25000
السويدى,126388,32000
السويدى,88890,7000
السويدى,750000,55000
السويدى,850000,20000
السويدى,948501,31200
السويدى,550000,75000
السويدى,1000000,52800
السويدى,1080000,60000
السويدى,2376000,132000
السويدى,1090000,80000
السويدى,427000,50240
السويدى,800000,45025
السويدى,950000,39482
السويدى,290000,21000
الشرق,110000,58900
الشرق,160000,45000
الشرق,280000,91800
الشفاء,400000,55000
الشفاء,850000,56250
الشفاء,742500,45000
الشفاء,843000,75000
الشفاء,1287830,62500
الشفاء,970000,21940
الشفاء,1770000,122500
الشفاء,840000,60000
الشفاء,840000,60000
الشفاء,840000,60000
الشفاء,750000,47500
الشفاء,100000,62500
الشفاء,1000000,67500
الشفاء,1150000,27000
الشفاء,940000,25000
الشفاء,1000000,77000
الشفاء,715000,50000
الشفاء,1000000,87500
الشفاء,962500,87500
الشفاء,60000,30625
الشهداء,1750000,33750
الشهداء,1600000,43750
الشهداء,2000000,105875
الصحافة,1200000,29000
الصحافة,1100000,39000
الصحافة,1338750,35000
الصحافة,894782,32500
الصحافة,1800000,36000
الصحافة,800000,62400
الصحافة,850000,40320
الصحافة,4936581,126579
الصحافة,7325000,81000
الصحافة,7325000,81000
الصحافة,1785000,42000
الصحافة,1273027,37500
الصحافة,2155817,40000
الصناعية,2695000,490000
الصناعية,745000,45000
الضباط,3300000,45000
الضباط,1350000,58392
العارض,2992000,136000
العارض,1201200,36400
العارض,1260000,36000
العارض,945000,27000
العارض,945000,27000
العارض,1260000,36000
العارض,945000,27000
العارض,945000,27000
العارض,1120000,20400
العارض,2646000,75600
العارض,1036800,32400
العارض,998400,31200
العارض,1036800,32400
العارض,1036800,32400
العارض,998400,31200
العارض,998400,31200
العارض,1036400,32400
العارض,1036800,32400
العارض,998400,31200
العارض,998400,31200
العارض,1400000,21000
العارض,1730000,22500
العارض,1200000,23000
العارض,2000000,29450
العارض,1138970,56949
العارض,1138970,56949
العارض,1138970,56949
العارض,1138970,56949
العارض,1122000,56149
العارض,2199000,32400
العارض,1800000,32400
العارض,1700000,32730
العارض,1850000,30000
العارض,980000,30000
العريجاء,720000,62500
العريجاء,500000,40000
العريجاء,700000,40000
العريجاء,730000,40000
العريجاء,888750,75000
العريجاء,900000,75000
العريجاء,840000,70000
العريجاء,712629,40000
العريجاء,85000,40000
العريجاء,50000,20000
العريجاء,50000,20000
العريجاء,150000,40000
العريجاء,1000000,40000
العريجاء,900000,75000
العريجاء,900000,75000
العريجاء,900000,75000
العريجاء,975000,75000
العريجاء,975000,75000
العريجاء,910000,70000
العريجاء,50000,3334
العريجاء,419432,40000
العريجاء,510000,40000
العريجاء,850000,40000
العريجاء,680413,40000
العريجاء,550000,30000
العريجاء,810000,45425
العريجاء,650000,40000
العريجاء,600000,40000
العريجاء,750000,40000
العريجاء,965250,40000
العريجاء,200000,40000
العريجاء,650000,40000
العريجاء,1376254,35000
العريجاء,1000000,410220
العزيزية,200000,22500
العزيزية,450000,45590
العزيزية,1580000,42000
العزيزية,875000,62500
العزيزية,570000,40000
العزيزية,997349,40000
العزيزية,647682,105000
العزيزية,500000,48185
العزيزية,400000,35565
العزيزية,471500,26250
العزيزية,1720000,50000
العزيزية,414511,29997
العزيزية,770000,77040
العزيزية,302150,31250
العزيزية,625000,29848
العزيزية,600000,27552
العزيزية,610000,47250
العزيزية,710000,45000
العزيزية,299000,32725
العزيزية,530000,48200
العقيق,1580000,31500
العقيق,7875000,225000
العقيق,4602080,115052
العقيق,285299,90000
العليا,1420000,48190
العليا,1200000,40000
العليا,1560000,52000
العليا,1000000,31000
العليا,2000000,56000
العليا,3300000,74800
العليا,1300000,48000
العليا,2750000,79200
العليا,2200000,86400
العليا,900000,21000
العليا,1780000,73500
العليا,950000,30000
العليا,3000000,114400
العليا,1480000,21000
العليا,1600000,24200
العليا,1550000,20000
العليا,950000,27200
العمل,800000,30450
العوالي,1557000,90000
العوالي,800000,26000
العوالي,500000,24000
العوالي,558000,30000
العود,50000,10030
العود,100000,17448
الغدير,7119000,157500
الغروب,1100000,60000
الغنامية,46000,16000
الغنامية,40000,16000
الغنامية,40000,16000
الغنامية,110000,16000
الغنامية,70000,70124
الغنامية,60000,54995
الغنامية,50000,54998
الغنامية,50000,60000
الغنامية,50000,30600
الغنامية,50000,30600
الغنامية,180000,54000
الغنامية,250000,35040
الغنامية,150000,35200
الفلاح,282059,40000
الفلاح,4500000,105000
الفلاح,3900000,83200
الفلاح,1593750,42500
الفوطة,230000,17390
الفيحاء,100000,45000
الفيحاء,100000,45000
الفيصلية,20000,24500
الفيصلية,40000,30000
القادسية,500000,26400
القادسية,500000,28600
القادسية,600000,32500
القادسية,2437500,97500
القادسية,540124,31250
القادسية,1360000,62500
القادسية,1249500,73500
القادسية,1400000,87500
القادسية,5160000,240000
القادسية,1800000,36690
القادسية,1186845,35965
القادسية,2209020,66940
القادسية,1507176,46117
القادسية,1500000,39000
القادسية,1255815,35100
القادسية,950400,48000
القادسية,933658,50468
القادسية,1045601,56519
القادسية,1004920,54320
القادسية,1000000,30371
القدس,1000000,42000
القدس,1930000,70200
القدس,2500000,45000
القدس,2900000,75000
القدس,700000,37500
القدس,1269450,32550
القدس,2250000,37500
القيروان,2625000,75000
القيروان,3915000,90000
القيروان,4000000,90000
القيروان,1900000,27000
القيروان,1554000,42000
القيروان,1111900,39000
القيروان,1287000,39000
القيروان,5300000,117600
القيروان,621885,43200
القيروان,5220000,113050
القيروان,2900000,30000
القيروان,2597154,61837
القيروان,3705456,77197
القيروان,3705456,77197
القيروان,1762500,37500
القيروان,2400000,36000
القيروان,2050000,30000
القيروان,2050000,30000
المحمدية,1521000,23250
المحمدية,528190,49400
المحمدية,7057375,164125
المحمدية,4400000,98000
المربع,1064316,48400
المربع,1064316,48356
المربع,1400000,70000
المرسلات,1130000,45000
المرسلات,1550000,58800
المرسلات,1500000,47500
المرسلات,700000,165000
المرقب,120000,10925
المرقب,155343,6100
المروة,801000,54000
المروة,400000,90000
المروة,675144,56262
المروج,1500000,54600
المروج,24219450,161463
المشاعل,590000,62000
المشاعل,2940000,210000
المشرق,240000,45000
المصفاة,400000,75000
المصفاة,300000,75000
المصفاة,630000,160000
المصفاة,190000,40000
المصفاة,182500,59990
المصفاة,182500,59990
المصفاة,182500,59990
المصفاة,182500,59990
المصفاة,120000,59990
المصفاة,190000,59540
المصفاة,350000,59990
المصفاة,170000,59990
المصفاة,190000,59990
المصفاة,340000,75000
المصفاة,400000,90000
المصيف,950000,18200
المصيف,1500000,39000
المصيف,1400000,40000
المصيف,1220000,52900
المصيف,1900000,52000
المصيف,6800000,200000
المعذر,4100000,144950
المعذر,2100000,60000
المعيزلية,1932000,84000
المعيزلية,1000000,60000
المعيزلية,525000,52500
المعيزلية,401290,20579
المعيزلية,853125,43750
المعيزلية,1380000,37500
المعيزلية,1764000,84000
المعيزلية,960000,38400
المغرزات,1800000,48000
المغرزات,15523200,403200
المغرزات,1300000,31250
المغرزات,630000,81000
المغرزات,300000,81000
الملز,820000,46650
الملز,445000,30000
الملز,750000,35190
الملقا,940000,30625
الملقا,1400000,32500
الملقا,30000,20000
الملقا,2200000,45290
الملقا,3650000,90000
الملقا,3600000,90000
الملقا,2200000,90000
الملقا,4200000,90000
الملقا,4050000,90000
الملقا,2000000,37500
الملقا,3100000,33600
الملقا,2700000,33600
الملقا,4050000,40986
الملقا,18530000,463250
الملقا,3400000,45000
الملقا,4000000,60000
الملقا,4200000,87500
الملقا,4275000,90000
الملقا,3562500,75000
الملقا,6900000,101250
الملقا,11628000,204000
الملقا,7000000,80000
الملقا,2828000,56000
الملقا,2828000,56000
الملقا,10500000,120000
الملقا,7150000,80000
الملقا,3480000,72500
الملقا,3100000,32000
الملقا,5750000,64000
الملقا,4150000,52246
الملقا,1500000,37500
الملقا,1295000,36000
الملقا,1620000,45000
الملقا,1525000,33250
الملقا,43617056,890144
الملقا,5000000,60013
الملقا,6450000,80028
الملقا,9462750,172050
الملقا,4914000,91000
الملقا,3240000,60000
الملقا,1575000,31250
الملقا,8910000,148500
الملك عبد الله,1248395,35000
الملك عبد الله,910000,35000
الملك عبدالعزيز,900000,32090
الملك عبدالعزيز,2000000,35750
الملك فهد,1700000,25000
الملك فهد,1400000,46500
الملك فهد,5376657,137864
الملك فهد,1792245,45955
الملك فهد,1650000,70000
الملك فهد,1000000,52000
الملك فيصل,1429800,62500
الملك فيصل,7800000,345000
الملك فيصل,850000,22750
الملك فيصل,1600000,65000
الملك فيصل,1500000,50000
الملك فيصل,1300000,50000
الملك فيصل,1097750,37500
الملك فيصل,133333,37500
الملك فيصل,970000,50000
الملك فيصل,2100000,90000
الملك فيصل,700000,35463
المناخ,50000,28592
المناخ,50000,31022
المناخ,675000,75000
المناخ,342500,60000
المناخ,562500,62500
المناخ,562500,62500
المناخ,839524,31250
المناخ,839524,31250
المنار,832100,25000
المنار,1000000,28750
المنصورة,500000,50000
المنصورة,1450000,65100
المهدية,1500000,45000
المهدية,1000000,27000
المهدية,1650000,90000
المهدية,550000,30000
المهدية,2800000,62587
المهدية,1000000,40000
المهدية,1320000,50000
المهدية,450000,75000
المهدية,700000,35938
المهدية,1206324,20000
المهدية,900000,40000
المهدية,1200000,60000
المهدية,700000,45000
المهدية,1200000,60000
المهدية,600000,54610
المهدية,1050000,40000
المهدية,1020000,40000
المهدية,950000,40000
المهدية,435000,45000
المهدية,1050000,40000
المهدية,1010000,40000
المهدية,940000,40000
المهدية,1300000,90000
المهدية,750000,45000
المهدية,900000,40000
المهدية,850000,40000
المهدية,1100000,60000
المهدية,900000,45000
المهدية,200000,48150
المهدية,1120000,45000
المهدية,2194500,146335
المهدية,50000,40902
المهدية,900000,30000
المهدية,660000,43015
المهدية,750000,45375
المهدية,365000,45000
المهدية,780000,45000
المهدية,800000,45710
المهدية,650000,42500
المهدية,550000,46660
المهدية,1088750,41875
المهدية,340000,46200
المهدية,912500,77500
المهدية,912500,77500
المهدية,912500,77500
المهدية,912500,77500
المهدية,1250000,50000
المهدية,570000,30371
المهدية,1230000,45000
المهدية,1000000,45000
المهدية,1125000,51129
المهدية,900000,43539
المهدية,1450000,100000
المهدية,1450000,117237
المهدية,2658175,186312
المهدية,4657500,186312
المهدية,250000,40000
المونسية,7040040,242760
المونسية,2137500,75000
المونسية,850000,50000
المونسية,2137500,75000
المونسية,1495000,57500
المونسية,1070000,40000
المونسية,1337500,50000
المونسية,1700000,30000
المونسية,958253,21500
المونسية,1603669,75000
المونسية,2672622,35000
المونسية,779411,27300
المونسية,1425000,62500
المونسية,2565000,135000
المونسية,5200000,400000
المونسية,1246738,40500
المونسية,2280124,43750
المونسية,1296000,48000
المونسية,1296000,48000
المونسية,1296000,48000
المونسية,2451712,30000
المونسية,1191000,59896
المونسية,1024512,37255
المونسية,820800,28800
المونسية,991200,33600
المونسية,849600,28800
المونسية,849600,28800
المونسية,835200,28800
المونسية,849600,28800
المونسية,835200,28800
المونسية,835200,28800
المونسية,835200,28800
المونسية,835200,28800
المونسية,835200,28800
المونسية,830200,28800
المونسية,1214000,24000
المونسية,813420,27114
المونسية,1005000,37500
المونسية,1005000,37500
المونسية,904800,31200
المونسية,1175520,39184
المونسية,920000,31200
المونسية,285421,31200
المونسية,285421,31200
المونسية,285421,31200
المونسية,920400,31200
المونسية,350848,38352
المونسية,356776,39000
المونسية,356776,39000
المونسية,356776,39000
المونسية,356776,39000
المونسية,356776,39000
المونسية,356776,39000
المونسية,356776,39000
المونسية,1199259,38315
المونسية,285421,31200
المونسية,285421,31200
المونسية,285421,31200
المونسية,285421,31200
المونسية,285421,31200
المونسية,285421,31200
المونسية,285421,31200
المونسية,285421,31200
المونسية,889200,31200
المونسية,889200,31200
المونسية,938000,35000
المونسية,938000,35000
المونسية,4828514,527816
المونسية,16080000,600000
المونسية,2414229,263905
المونسية,1900000,25200
المونسية,1550000,21000
المونسية,1600000,21000
النخبة,185000,43750
النخبة,280000,95200
النخيل,1900000,39500
النخيل,5625000,125000
النخيل,10017000,189000
النخيل,3094682,135000
الندوة,1192651,42000
الندوة,2000000,90000
الندى,200000,28875
الندى,1110000,30000
الندى,2050000,31200
الندى,686400,31200
الندى,2200000,30000
الندى,2770000,35100
الندى,1700000,33750
الندى,2496000,78000
الندى,2550000,75000
الندى,2436750,85500
الندى,2436750,85500
الندى,1508000,52000
الندى,1131000,39000
الندى,2450000,87500
النرجس,1600000,43750
النرجس,2012500,57500
النرجس,3150000,90000
النرجس,2700000,45000
النرجس,2040000,51000
النرجس,1560000,39000
النرجس,900000,36000
النرجس,1050000,29250
النرجس,1650000,26250
النرجس,1626000,23900
النرجس,2100000,30234
النرجس,1611000,45000
النرجس,1800000,28125
النرجس,3300000,90000
النرجس,335071,90000
النرجس,1188000,33000
النرجس,1386000,45000
النرجس,1224000,36000
النرجس,945000,27600
النرجس,2700000,90000
النرجس,1209000,39000
النرجس,745200,27600
النرجس,1770000,60000
النرجس,1735000,22500
النرجس,1395000,45000
النرجس,1820000,28500
النرجس,1504500,51000
النرجس,1507500,45000
النرجس,17550000,650000
النرجس,1594812,45960
النرجس,2750000,41400
النرجس,413651,49500
النرجس,1134000,36000
النرجس,1415200,46400
النرجس,1339800,40600
النرجس,700000,37500
النرجس,777600,28800
النرجس,2550000,75000
النرجس,5300000,62500
النرجس,1800000,43500
النرجس,1728000,54000
النرجس,1792000,56000
النرجس,1792000,56000
النرجس,1792000,56000
النرجس,1850000,33000
النرجس,1716000,57200
النرجس,1744600,57200
النرجس,1773200,57200
النرجس,800000,60000
النرجس,1800000,60000
النرجس,21098600,680600
النرجس,600000,37500
النرجس,800000,60000
النرجس,506145,60000
النرجس,1800000,30000
النرجس,1740000,35000
النرجس,1851533,60706
النرجس,6820000,220000
النرجس,1000000,24555
النرجس,1000000,24555
النرجس,962000,26000
النرجس,1840000,31500
النرجس,860079,60000
النرجس,1340000,40681
النرجس,2558400,62400
النرجس,2000000,31200
النرجس,2500000,37658
النرجس,2639472,79984
النرجس,1290000,51600
النرجس,1290000,51600
النرجس,2600000,29610
النرجس,1900000,20018
النرجس,2674200,35425
النرجس,2100000,28917
النرجس,4495000,72350
النرجس,2200000,31200
النرجس,1235297,51781
النرجس,1235297,44701
النرجس,1235297,44752
النرجس,806454,44803
النرجس,1235297,44854
النرجس,1235297,44905
النرجس,1235297,44956
النرجس,1235297,45007
النرجس,1235297,45058
النرجس,1394784,45109
النرجس,1394784,51185
النرجس,1299672,36102
النرجس,1394784,58682
النرجس,1709149,46826
النرجس,1720000,31200
النرجس,15453477,572353
النزهة,1193063,37875
النسيم,720000,60000
النسيم,1950000,75000
النسيم,700000,50000
النسيم,450000,37500
النسيم,1031250,62500
النسيم,400000,45000
النسيم,990000,40000
النسيم,410000,40000
النسيم,650000,50000
النسيم,25000,31250
النسيم,700000,35000
النسيم,1240000,43750
النسيم,50000,37500
النسيم,900000,44000
النسيم,600000,20000
النسيم,900000,48000
النسيم,1591600,56700
النسيم,1171000,43500
النسيم,1065000,45000
النسيم,500000,62500
النسيم,710000,38750
النسيم,532513,31250
النسيم,300000,31250
النظيم,453244,112500
النظيم,645000,50000
النظيم,200000,75000
النظيم,300000,50400
النظيم,412500,75000
النظيم,670000,36450
النظيم,450000,56250
النظيم,500000,125000
النظيم,1162800,125000
النظيم,1260000,105000
النظيم,1207000,52500
النظيم,1105731,62500
النظيم,700000,55350
النظيم,87000,50573
النظيم,1100000,46000
النظيم,518000,46000
النظيم,1054784,50000
النظيم,711135,47409
النظيم,20000,28477
النفل,1000000,31050
النفل,2205000,70000
النفل,1160000,26250
النفل,100000,29000
النفل,620000,30000
النفل,1200000,30000
النموذجية,780000,39375
النهضة,1416667,87500
النهضة,1416667,87500
النهضة,1457143,90000
النهضة,1457143,90000
النهضة,1355143,83700
النهضة,1355143,83700
النهضة,1092857,67500
النهضة,1092857,67500
النهضة,1398857,86400
النهضة,1214286,75000
النهضة,1214286,75000
النهضة,1486259,91800
النهضة,1398857,86400
النهضة,1360000,84000
النهضة,827866,31125
النهضة,830000,41850
النهضة,1214286,75000
النهضة,1214286,75000
النهضة,1224000,75600
النهضة,1214286,75000
النهضة,1920000,96000
النهضة,1575000,105000
النهضة,14940000,996000
النهضة,18495000,1233000
النهضة,1001000,37500
النهضة,18750,46000
الهدا,3904215,111549
الهدا,2200000,34519
الهدا,3613422,116562
الواحة,4100000,78125
الوادي,2937600,91800
الوادي,1200000,26000
الوادي,1500000,24380
الورود,1350000,44800
الورود,3500000,89600
الورود,4352865,92111
الورود,3000000,75000
الورود,4352865,143179
الورود,4900000,117500
الوزارات,270000,10092
الوزارات,350000,5200
الوزارات,700000,19350
الوزارات,400000,13300
الوزارات,400000,14554
الوشام,415000,31213
الياسمين,2700000,67500
الياسمين,2700000,67500
الياسمين,2887500,87500
الياسمين,1945703,37500
الياسمين,1463000,67500
الياسمين,1680000,42000
الياسمين,2400000,30000
الياسمين,2700000,33600
الياسمين,1350000,37500
الياسمين,4000000,96000
الياسمين,2650000,39600
الياسمين,1436000,31250
الياسمين,823000,40000
الياسمين,2335000,38750
الياسمين,3658000,124000
الياسمين,1600000,37500
الياسمين,3100000,75400
الياسمين,2800000,50809
الياسمين,3000000,40500
الياسمين,1350630,39000
الياسمين,1600000,45000
الياسمين,1600000,45000
الياسمين,28961760,724044
الياسمين,2000000,57550
الياسمين,2527200,70200
الياسمين,3538080,98280
الياسمين,1620000,45000
الياسمين,2343395,63338
الياسمين,1898000,52000
الياسمين,1071000,50000
الياسمين,3200000,41600
الياسمين,3094244,66000
الياسمين,1800000,49550
اليرموك,1100000,39000
اليرموك,1390000,30000
اليرموك,1290000,31200
اليرموك,1700000,38750
اليرموك,1218368,62500
اليرموك,2300000,65000
اليرموك,2600000,75000
اليرموك,1340000,31250
اليرموك,670000,40000
اليرموك,1700000,55000
اليرموك,930000,30000
اليرموك,1700000,43350
اليمامة,200000,20197
اليمامة,100000,12500
اليمامة,500000,50000
اليمامة,190000,22275
اليمامة,500000,30000
اليمامة,560859,35649
ام الحمام,205000,30000
ام الحمام,1050000,28000
ام الحمام,1000000,21000
ام الحمام,1200000,49500
ام الحمام,260000,11700
ام الحمام,235000,11700
ام الحمام,1180000,40000
ام الحمام,800000,12600
ام الحمام,100000,37500
ام الحمام,900000,40000
ام الحمام,474700,47500
ام الحمام,13312000,332800
ام الحمام,2000000,59800
ام سليم,23000,3440
بدر,500000,50000
بدر,350000,50000
بدر,250000,45000
بدر,250000,45000
بدر,920000,75000
بدر,640000,48000
بدر,420000,25000
بدر,1000000,34500
بدر,1400000,75000
بدر,990000,75000
بدر,929998,60900
بدر,1010000,75000
بدر,1422086,36400
بدر,720000,60000
بدر,432000,36000
بدر,463050,44100
بدر,463050,44100
بدر,431460,47940
بدر,448515,49835
بدر,720000,60000
بدر,720000,60000
بدر,720000,60000
بدر,720000,60000
بدر,237500,25963
بدر,350500,25963
بدر,219870,23875
بدر,273200,29856
بدر,273200,29856
بدر,278175,30254
بدر,273200,29856
بدر,288000,24021
بدر,400000,50000
بدر,585000,45000
بدر,586568,44437
بدر,594000,45000
بدر,725208,54940
بدر,641058,48565
بدر,415800,31500
بدر,594000,45000
بدر,594000,45000
بدر,594000,45000
بدر,594000,45000
بدر,594000,45000
بدر,334800,33480
بدر,200000,26000
بدر,110000,24000
بدر,7812088,679312
بنبان,1200000,87500
بنبان,567000,37818
بنبان,850000,70000
ثليم,200000,12430
جرير,2000000,39200
جرير,525000,31250
حطين,4500000,45000
حطين,3160000,46200
حطين,3420000,85560
حطين,13000000,100050
حطين,5000000,100000
حطين,6000000,72450
حطين,4100000,45000
حلة بن دايل,198000,23800
خنشليلة,200000,33277
خنشليلة,100000,57600
دعكنة,858000,66000
ديراب,840000,75000
ديراب,500000,30000
ديراب,200000,65000
ديراب,400000,62500
سكيرينة,150000,15000
سكيرينة,250000,19200
سلطانة,700000,60000
سلطانة,850000,60000
سلطانة,580000,40000
سلطانة,279000,15000
شبرا,605000,40000
شرق الرياض,270000,90000
شرق الرياض,320000,90000
شرق الرياض,320000,83600
شرق الرياض,350000,90000
شرق الرياض,350000,90000
شرق الرياض,340000,90000
شرق الرياض,350000,90100
شرق الرياض,300000,60000
شرق الرياض,350000,88432
شرق الرياض,70000,101898
شرق الرياض,390000,91800
شرق الرياض,250000,46500
شرق الرياض,600000,209035
شرق الرياض,600000,221474
شرق الرياض,550000,216400
شرق الرياض,550000,225000
شرق الرياض,200000,200000
شرق الرياض,790000,190000
شرق الرياض,650000,190000
شرق الرياض,332500,90000
شرق الرياض,500000,96000
شرق الرياض,500000,90000
شرق الرياض,210000,84000
شرق الرياض,480000,87000
شرق الرياض,250000,47500
شرق الرياض,220000,45000
شرق الرياض,400000,90000
شرق الرياض,450000,90000
شرق الرياض,455000,93000
شرق الرياض,100000,84000
شرق الرياض,100000,84000
شرق الرياض,20000,90000
شرق الرياض,310000,81000
شرق الرياض,250000,102000
شرق الرياض,220000,45000
شرق الرياض,350000,83999
شرق الرياض,266500,45000
شرق الرياض,365000,84600
شرق الرياض,340000,90000
شرق الرياض,470000,90000
شرق الرياض,200000,93000
شرق الرياض,359000,90000
شرق الرياض,360000,90000
شرق الرياض,420000,90000
شرق الرياض,10000,90000
شرق الرياض,300000,90000
شرق الرياض,315000,90000
شرق الرياض,355000,93599
شرق الرياض,350000,96000
شرق الرياض,350000,90000
شرق الرياض,350000,90000
شرق الرياض,333000,90000
شرق الرياض,150000,84000
شرق الرياض,400000,105000
شرق الرياض,450000,105000
شرق الرياض,530000,90000
شرق الرياض,530000,90000
شرق الرياض,350000,90000
شرق الرياض,400000,87000
شرق الرياض,300000,86400
شرق الرياض,315000,86400
شرق الرياض,350000,84000
شرق الرياض,370000,90000
شرق الرياض,400000,90000
شرق الرياض,400000,90000
شرق الرياض,560000,105000
شرق الرياض,440000,90000
شرق الرياض,252000,90000
شرق الرياض,450000,99000
شرق الرياض,450000,98990
شرق الرياض,440000,90000
شرق الرياض,297000,90000
شرق الرياض,31000,90000
شرق الرياض,370000,90000
شرق الرياض,420000,93000
شرق الرياض,350000,90000
شرق الرياض,520000,93600
شرق الرياض,450000,96000
شرق الرياض,430000,85000
شرق الرياض,460000,90000
شرق الرياض,350000,87000
شرق الرياض,425000,87000
شرق الرياض,440000,93660
شرق الرياض,400000,90000
شرق الرياض,380000,101500
شرق الرياض,365000,84000
شرق الرياض,320000,99200
شرق الرياض,370000,93000
شرق الرياض,360000,90000
شرق الرياض,430000,89900
شرق الرياض,400000,90000
شرق الرياض,450000,90000
شرق الرياض,335000,84000
شرق الرياض,450000,84000
شرق الرياض,325000,90000
شرق الرياض,400000,81000
شرق الرياض,350000,42000
شرق الرياض,200000,42000
شرق الرياض,310000,95700
شرق الرياض,200000,43200
شرق الرياض,393150,96000
شرق الرياض,350000,90000
شرق الرياض,320000,84000
شرق الرياض,800000,240000
شرق الرياض,527000,195000
شرق الرياض,100000,96000
شرق الرياض,365000,90000
شرق الرياض,300000,90000
شرق الرياض,320000,87000
شرق الرياض,310000,90000
شرق الرياض,282500,102000
شرق الرياض,380000,90000
شرق الرياض,300000,90000
شرق الرياض,315000,90000
شرق الرياض,200000,90000
شرق الرياض,370000,90000
شرق الرياض,200000,87000
شرق الرياض,260000,87000
شرق الرياض,280000,93600
شرق الرياض,290000,81000
شرق الرياض,530000,190000
شرق الرياض,200000,89999
شرق الرياض,268000,89999
شرق الرياض,300000,90000
شرق الرياض,250000,70200
شرق الرياض,290000,70200
شرق الرياض,270000,75000
شرق الرياض,250000,95680
شرق الرياض,280000,93000
شرق الرياض,285000,90000
شرق الرياض,216700,90000
شرق الرياض,216700,90000
شرق الرياض,216700,90000
شرق الرياض,300000,97200
شرق الرياض,200000,64690
شرق الرياض,250000,90000
شرق الرياض,250000,90000
شرق الرياض,180000,87000
شرق الرياض,270000,93000
شرق الرياض,300000,97285
شرق الرياض,390000,88400
شرق الرياض,270000,84000
شرق الرياض,125000,84600
شرق الرياض,205000,84600
شرق الرياض,205000,86400
شرق الرياض,220000,86400
شرق الرياض,300000,86400
شرق الرياض,205000,82404
شرق الرياض,215000,87000
شرق الرياض,300000,86400
شرق الرياض,255000,82500
شرق الرياض,230000,87000
شرق الرياض,250000,87000
شرق الرياض,340000,195000
شرق الرياض,450000,215000
شرق الرياض,219000,210000
شرق الرياض,140000,210000
شرق الرياض,400000,200000
شرق الرياض,480000,211200
شرق الرياض,410000,200000
شرق الرياض,535000,205000
شرق الرياض,40000,117540
شرق الرياض,220000,91800
شرق الرياض,265000,91697
شرق الرياض,280000,79459
شرق الرياض,220000,91799
شرق الرياض,360000,95200
شرق الرياض,360000,95200
شرق الرياض,260000,94006
شرق الرياض,270000,94259
شرق الرياض,280000,95200
شرق الرياض,247000,91800
شرق الرياض,210000,89999
شرق الرياض,210000,90000
شرق الرياض,230000,90000
شرق الرياض,215000,90000
شرق الرياض,200000,90000
شرق الرياض,230000,90000
شرق الرياض,200000,90000
شرق الرياض,30000,90000
شرق الرياض,30000,90000
شرق الرياض,200000,90000
شرق الرياض,240000,90000
شرق الرياض,200000,90000
شرق الرياض,240000,90000
شرق الرياض,205000,115322
شرق الرياض,250000,90000
شرق الرياض,265000,93600
شرق الرياض,240000,90000
شرق الرياض,205000,90000
شرق الرياض,100000,90000
شرق الرياض,180000,90000
شرق الرياض,200000,90000
شرق الرياض,200000,90000
شرق الرياض,270000,106805
شرق الرياض,225000,90000
شرق الرياض,295000,90000
شرق الرياض,420000,200000
شرق الرياض,180000,200000
شرق الرياض,200000,200000
شرق الرياض,350000,224000
شرق الرياض,350000,224000
شرق الرياض,190000,75000
شرق الرياض,50000,75000
شرق الرياض,220000,94622
شرق الرياض,160000,81000
شرق الرياض,155000,76375
شرق الرياض,20000,75000
شرق الرياض,180000,86536
شرق الرياض,173000,77550
شرق الرياض,155000,77546
شرق الرياض,165000,76375
شرق الرياض,100000,76375
شرق الرياض,139000,76375
شرق الرياض,220000,76375
شرق الرياض,190000,76375
شرق الرياض,180000,78306
شرق الرياض,181000,99351
شرق الرياض,160000,76375
شرق الرياض,170000,75000
شرق الرياض,165000,75000
شرق الرياض,190000,75000
شرق الرياض,40000,76074
شرق الرياض,100000,50000
شرق الرياض,138000,49999
شرق الرياض,140000,60000
شرق الرياض,120000,55000
شرق الرياض,130000,40000
شرق الرياض,138000,42000
شرق الرياض,130000,42000
شرق الرياض,130000,42000
شرق الرياض,100000,40000
شرق الرياض,150000,44000
شرق الرياض,95000,41000
شرق الرياض,235000,75000
شرق الرياض,215000,74999
شرق الرياض,215000,75000
شرق الرياض,210000,75000
شرق الرياض,230000,75000
شرق الرياض,220000,75000
شرق الرياض,250000,75000
شرق الرياض,200000,75000
شرق الرياض,200000,75000
شرق الرياض,300000,75000
شرق الرياض,270000,75000
شرق الرياض,240000,75000
شرق الرياض,290000,75000
شرق الرياض,230000,75000
شرق الرياض,340000,93000
شرق الرياض,250000,75250
شرق الرياض,200000,75950
شرق الرياض,250000,75950
شرق الرياض,100000,74400
شرق الرياض,232000,75000
شرق الرياض,230000,75200
شرق الرياض,220000,75900
شرق الرياض,300000,75200
شرق الرياض,220000,89247
شرق الرياض,240000,76500
شرق الرياض,240000,75000
شرق الرياض,270000,75000
شرق الرياض,240000,75000
شرق الرياض,205000,77550
شرق الرياض,280000,75000
شرق الرياض,230000,76500
شرق الرياض,240000,75000
شرق الرياض,200000,76500
شرق الرياض,205000,75000
شرق الرياض,10000,75000
شرق الرياض,250000,75000
شرق الرياض,240000,75900
شرق الرياض,200000,75900
شرق الرياض,224000,75000
شرق الرياض,280000,75000
شرق الرياض,260000,76800
شرق الرياض,260000,76500
شرق الرياض,100000,75000
شرق الرياض,260000,75000
شرق الرياض,230000,75000
شرق الرياض,220000,75000
شرق الرياض,230000,63000
شرق الرياض,270000,75000
شرق الرياض,210000,74550
شرق الرياض,225000,75000
شرق الرياض,190000,74750
شرق الرياض,220000,74750
شرق الرياض,280000,89819
شرق الرياض,190000,74750
شرق الرياض,180000,63000
شرق الرياض,220000,75000
شرق الرياض,210000,74550
شرق الرياض,215000,64500
شرق الرياض,70000,64500
شرق الرياض,250000,74550
شرق الرياض,225000,75000
شرق الرياض,175000,75000
شرق الرياض,250000,74550
شرق الرياض,225000,75250
شرق الرياض,200000,75250
شرق الرياض,210000,64500
صلاح الدين,2050000,66000
صلاح الدين,2500000,75000
صلاح الدين,1600000,44200
صلاح الدين,2000000,42000
طويق,200000,40000
طويق,700000,40000
طويق,650000,40000
طويق,155000,40000
طويق,735000,40000
طويق,700000,40000
طويق,50000,40000
طويق,400000,40000
طويق,200000,21600
طويق,593750,62500
طويق,593750,62500
طويق,1586642,37500
طويق,980000,49500
طويق,750000,75000
طويق,750000,75000
طويق,600000,45000
طويق,800000,30000
طويق,615000,37500
طويق,807000,51000
طويق,919000,45000
طويق,1080000,90000
طويق,1080000,90000
طويق,1080000,60000
طويق,1080000,90000
طويق,1080000,90000
طويق,1080000,90000
طويق,1080000,90000
طويق,540000,30000
طويق,540000,30000
طويق,7905000,510000
طويق,1000000,42000
طويق,1700000,102000
طويق,124000,36000
طويق,1150000,39535
طويق,750000,39997
طيبة,305849,21093
طيبة,301687,20806
طيبة,435798,30055
طيبة,522000,40210
طيبة,747000,57498
طيبة,747000,57498
طيبة,498000,38332
طيبة,465000,35812
طيبة,465000,35812
طيبة,465000,35812
طيبة,455000,35000
طيبة,455000,35000
طيبة,455000,35000
طيبة,562000,43277
طيبة,424529,27747
طيبة,415650,27710
طيبة,397500,26500
طيبة,439425,29295
عتيقة,500000,30000
عتيقة,240000,11931
عريض,295000,50320
عريض,313000,50320
عريض,285000,50000
عريض,280000,40000
عريض,150000,40000
عريض,260000,40000
عريض,95000,40000
عريض,160000,40000
عريض,350000,50000
عريض,160000,50000
عريض,200000,50000
عريض,235000,40000
عريض,270000,40000
عريض,50000,40000
عريض,400000,90000
عريض,710000,90000
عريض,250000,45000
عريض,325000,45000
عريض,515000,90000
عريض,275000,45000
عريض,700000,90000
عريض,20000,62500
عريض,300000,44800
عريض,700000,90000
عريض,750000,90000
عريض,450000,62500
عريض,325000,37500
عريض,325000,37500
عريض,300000,62500
عريض,200000,45000
عريض,641450,90000
عريض,430000,50000
عريض,400000,50000
عريض,420000,50000
عريض,405000,50000
عريض,405000,50000
عريض,400000,50000
عريض,400000,50000
عريض,200000,50000
عريض,120000,40000
عريض,300000,40000
عريض,100000,40000
عريض,280000,40000
عريض,340000,45000
عريض,120000,49500
عريض,325000,43200
عريض,300000,49500
عريض,345000,45000
عريض,390000,49500
عريض,350000,45000
عريض,330000,40500
عريض,10000,40500
عريض,316000,45000
عريض,310000,40500
عريض,250000,45000
عريض,390000,51750
عريض,50000,40500
عريض,50000,40500
عريض,300000,40500
عريض,500000,48800
عريض,350000,45000
عريض,200000,45000
عريض,350000,45000
عريض,250000,45000
عريض,330000,45000
عريض,330000,45000
عريض,330000,45000
عريض,200000,45000
عريض,75000,45000
عريض,350000,45000
عريض,365000,45000
عريض,150000,45000
عريض,300000,45000
عريض,295000,45000
عريض,300000,45000
عريض,300000,45000
عريض,305000,45000
عريض,300000,45000
عريض,150000,45000
عريض,300000,45000
عريض,180000,22500
عريض,320000,45000
عريض,300000,45000
عريض,295000,42500
عريض,220000,45000
عريض,300000,47500
عريض,300000,45000
عريض,150000,47500
عريض,220000,45000
عريض,150000,45000
عريض,310000,45000
عريض,300000,45000
عريض,220000,45000
عريض,330000,45000
عريض,338000,45000
عريض,240000,43475
عريض,270000,43475
عريض,205000,40000
عريض,250000,45000
عريض,250000,36000
عريض,250000,45500
عريض,315000,45500
عريض,231000,30600
عريض,200000,31250
عريض,300000,45000
عريض,555000,90000
عريض,250000,90000
عريض,150000,40050
عريض,170000,40050
عريض,150000,40000
عريض,220000,41250
عريض,220000,40500
عريض,250000,40500
عريض,52000,21600
عريض,205000,40950
عريض,100000,40000
عريض,180000,40000
عريض,250000,41400
عريض,200000,75700
عريض,140000,20000
عريض,250000,41400
عريض,300000,46800
عريض,180000,30000
عريض,240000,43750
عريض,215000,40000
عريض,210000,40000
عريض,186000,40000
عريض,210000,40000
عريض,215000,40000
عريض,200000,40000
عريض,220000,45000
عريض,100000,45000
عريض,210000,42154
عريض,240000,27000
عريض,510000,90000
عريض,320000,45000
عريض,300000,45000
عريض,180000,54000
عريض,120000,22500
عريض,300000,45000
عريض,325000,46800
عريض,300000,45000
عريض,335000,45000
عريض,150000,45000
عريض,120000,33600
عريض,333000,58032
عريض,267000,46368
عريض,300000,48745
عريض,300000,48600
عريض,500000,90000
عريض,220000,45000
عريض,220000,45000
عريض,300000,45000
عكاظ,900000,90000
عكاظ,1210000,90000
عكاظ,3819960,318329
عكاظ,8388800,784000
عكاظ,1020000,29468
عكاظ,1170000,30000
عكاظ,487950,39036
عكاظ,487950,39035
عكاظ,647625,58875
عكاظ,804000,60000
عكاظ,810000,60000
عكاظ,850500,63000
عكاظ,810000,60000
عكاظ,731700,54200
عكاظ,798000,60000
عكاظ,798000,60000
عكاظ,798000,60000
عكاظ,798000,60000
عكاظ,798000,60000
عكاظ,798000,60000
عكاظ,780000,60000
عكاظ,780000,60000
عكاظ,798000,60000
عكاظ,798000,60000
عكاظ,798000,60000
عكاظ,798000,60000
عكاظ,780000,60000
عكاظ,780000,60000
عكاظ,798000,60000
عكاظ,798000,60000
عكاظ,630000,42000
عكاظ,630000,42000
عكاظ,630000,42000
عكاظ,630000,42000
عكاظ,993600,86400
عكاظ,700000,50000
عكاظ,798000,60000
عكاظ,1001000,91000
عكاظ,910000,91000
عكاظ,1001000,91000
عكاظ,910000,91000
عكاظ,1001000,91000
عكاظ,910000,91000
عكاظ,819000,91000
عكاظ,910000,91000
عكاظ,819000,91000
عكاظ,910000,91000
عكاظ,819000,91000
عكاظ,910000,91000
عكاظ,910000,91000
عكاظ,910000,91000
عكاظ,910000,91000
عكاظ,769500,81000
عكاظ,897750,94500
عكاظ,769500,81000
عكاظ,897750,94500
عكاظ,769500,81000
عكاظ,897750,94500
عكاظ,769500,81000
عكاظ,897750,94500
عكاظ,769500,81000
عكاظ,897750,94500
عكاظ,150000,36000
عكاظ,960000,31920
عكاظ,398925,29550
عكاظ,8348500,834850
عكاظ,16635091,1512281
عكاظ,19406625,1848250
عكاظ,2884200,250800
عكاظ,4550000,455000
عكاظ,6745870,674587
عكاظ,700000,38250
عكاظ,504000,36017
عكاظ,585000,40500
عكاظ,988000,76000
غبيراء,1100000,59296
غبيراء,400000,27000
غرناطة,1900000,37250
غرناطة,2050000,52500
قرطبة,2275000,65000
قرطبة,2079000,49500
قرطبة,1007500,40300
قرطبة,47703505,1477243
قرطبة,2650000,67500
قرطبة,603563,26500
قرطبة,1340366,27000
لبن,839305,30000
لبن,2000000,90000
لبن,1000000,44000
لبن,940000,45000
لبن,1321766,45000
لبن,1200000,45000
لبن,240000,62500
لبن,1200000,90000
لبن,2388500,90000
لبن,1000000,45000
لبن,500000,75000
لبن,800000,45000
لبن,700000,31250
لبن,700000,31250
لبن,417000,50000
لبن,660000,45000
لبن,700000,44500
لبن,1400000,45000
لبن,450000,37500
لبن,316000,20000
لبن,930000,25000
لبن,1100000,30000
لبن,799584,25000
لبن,850000,47400
لبن,600000,40000
لبن,862968,20000
لبن,1800000,90000
لبن,1125000,45000
لبن,1700000,90000
لبن,950000,45000
لبن,500000,45000
لبن,500000,45000
لبن,277869,25000
لبن,930000,25000
لبن,475000,45000
لبن,475000,45000
لبن,50000,45000
لبن,1400000,45000
لبن,800000,90000
لبن,1150000,45000
لبن,1135000,45000
منفوحة,403000,27500
منفوحة,200000,23562
منفوحة,50000,28218
منفوحة,160000,15200
منفوحة,300000,14300
منفوحة,370000,16273
منفوحة,300000,22600
منفوحة,50000,17587
منفوحة,270000,14400
نمار,750000,50000
نمار,250000,49060
نمار,1050000,75000
نمار,1143000,25000
نمار,1575000,90000
نمار,733500,37500
نمار,400000,90000
نمار,1330000,55500
نمار,760000,54000
نمار,1495598,82811
نمار,766405,81400
نمار,200000,37500
نمار,250000,75000
نمار,300000,75000
نمار,700000,75000
نمار,390000,37500
نمار,380000,37500
نمار,150000,31250
نمار,400000,41875
نمار,400000,41875
نمار,1550000,253180
نمار,405000,46890
نمار,80000,30624
نمار,600000,50500
نمار,537000,45600
نمار,290000,46526
نمار,200000,40873
نمار,400000,45000
نمار,350000,67500
نمار,1000000,190440
نمار,1000000,190440
نمار,1000000,190440
نمار,100000,217440
نمار,350000,37500
نمار,150000,37500
نمار,400000,56250
نمار,630000,75000
نمار,700000,75000
نمار,100000,75000
نمار,100000,75000
نمار,750000,75000
نمار,430000,37500
نمار,750000,75000
نمار,238500,39000
نمار,100000,37500
نمار,100000,87500
نمار,430000,87500
نمار,500000,45000
نمار,770000,75000
نمار,420000,43750
نمار,425000,45000
نمار,1000000,211500
نمار,500000,202500
نمار,360000,43200
نمار,320000,45000
نمار,400000,46250
نمار,350000,44400
نمار,375000,44400
نمار,370000,46800
نمار,810000,93600
نمار,29000,46800
نمار,650000,90000
نمار,1000000,219827
نمار,500000,90000
نمار,600000,90000
نمار,750000,211500
نمار,425000,40500
نمار,900000,87300
نمار,400000,41950
نمار,400000,45000
نمار,300000,46800
نمار,300000,46800
نمار,450000,60000
نمار,400000,37500
نمار,200000,37500
نمار,400000,42323
نمار,700000,75000
نمار,400000,37500
نمار,400000,37500
نمار,800000,75000
نمار,750000,75000
نمار,100000,87500
نمار,810000,87500
نمار,250000,39762
نمار,250000,39762
نمار,950000,79750
نمار,250000,47112
نمار,250000,47112
نمار,408000,48060
نمار,430000,45720
نمار,310000,43740
نمار,460000,41400
نمار,460000,41400
نمار,380000,45000
نمار,200000,96000
نمار,800000,90000
نمار,494000,45000
نمار,494000,45000
نمار,890000,90000
نمار,500000,81000
نمار,1000000,90000
نمار,110000,50854
نمار,237000,44736
نمار,45000,55050
نمار,160000,45000
نمار,450000,45000
نمار,950000,88750
نمار,390000,43200
نمار,500000,44800
نمار,500000,43750
نمار,550000,46800
نمار,550000,46800
نمار,405000,48600
نمار,505000,48600
نمار,450000,45000
نمار,900000,90000
نمار,500000,100800
نمار,400000,46800
نمار,561365,93912
نمار,561365,93964
نمار,570000,75000
نمار,1000000,93150
نمار,800000,86400
نمار,450000,45000
نمار,455000,45000
نمار,500000,92350
نمار,450000,45000
نمار,475000,46800
نمار,300000,45000
نمار,300000,45000
نمار,200000,45000
نمار,100000,49140
نمار,200000,45000
نمار,500000,45000
نمار,300000,60000
نمار,350000,30000
نمار,300000,30000
نمار,350000,39600
نمار,365000,46800
نمار,400000,43200
نمار,440000,46080
نمار,800000,93600
نمار,760000,36750
نمار,400000,60000
نمار,650000,60645
هيت,50000,147000
